#
# There is insufficient memory for the Java Runtime Environment to continue.
# Native memory allocation (mmap) failed to map 2562719744 bytes. Error detail: G1 virtual space
# Possible reasons:
#   The system is out of physical RAM or swap space
#   This process is running with CompressedOops enabled, and the Java Heap may be blocking the growth of the native heap
# Possible solutions:
#   Reduce memory load on the system
#   Increase physical memory or swap space
#   Check if swap backing store is full
#   Decrease Java heap size (-Xmx/-Xms)
#   Decrease number of Java threads
#   Decrease Java thread stack sizes (-Xss)
#   Set larger code cache with -XX:ReservedCodeCacheSize=
#   JVM is running with Zero Based Compressed Oops mode in which the Java heap is
#     placed in the first 32GB address space. The Java Heap base address is the
#     maximum limit for the native heap growth. Please use -XX:HeapBaseMinAddress
#     to set the Java Heap base and to place the Java Heap above 32GB virtual address.
# This output file may be truncated or incomplete.
#
#  Out of Memory Error (os_windows.cpp:3815), pid=5516, tid=20888
#
# JRE version: OpenJDK Runtime Environment (21.0.3) (build 21.0.3+-12282718-b509.11)
# Java VM: OpenJDK 64-Bit Server VM (21.0.3+-12282718-b509.11, mixed mode, tiered, compressed oops, compressed class ptrs, g1 gc, windows-amd64)
# No core dump will be written. Minidumps are not enabled by default on client versions of Windows
#

---------------  S U M M A R Y ------------

Command Line: --add-opens=java.base/java.lang=ALL-UNNAMED --add-opens=java.base/java.lang.invoke=ALL-UNNAMED --add-opens=java.base/java.util=ALL-UNNAMED --add-opens=java.prefs/java.util.prefs=ALL-UNNAMED --add-exports=jdk.compiler/com.sun.tools.javac.api=ALL-UNNAMED --add-exports=jdk.compiler/com.sun.tools.javac.util=ALL-UNNAMED --add-opens=java.base/java.util=ALL-UNNAMED --add-opens=java.prefs/java.util.prefs=ALL-UNNAMED --add-opens=java.base/java.nio.charset=ALL-UNNAMED --add-opens=java.base/java.net=ALL-UNNAMED --add-opens=java.base/java.util.concurrent.atomic=ALL-UNNAMED --add-opens=java.xml/javax.xml.namespace=ALL-UNNAMED -XX:MaxMetaspaceSize=4G -XX:ReservedCodeCacheSize=512m -XX:+HeapDumpOnOutOfMemoryError -Xmx8G -Dfile.encoding=UTF-8 -Duser.country=US -Duser.language=en -Duser.variant -javaagent:C:\Users\danil\.gradle\wrapper\dists\gradle-8.12-all\ejduaidbjup3bmmkhw3rie4zb\gradle-8.12\lib\agents\gradle-instrumentation-agent-8.12.jar org.gradle.launcher.daemon.bootstrap.GradleDaemon 8.12

Host: AMD Ryzen 5 5600 6-Core Processor              , 12 cores, 7G,  Windows 11 , 64 bit Build 26100 (10.0.26100.7705)
Time: Thu Mar 12 20:07:14 2026 Romance Standard Time elapsed time: 210.409650 seconds (0d 0h 3m 30s)

---------------  T H R E A D  ---------------

Current thread (0x0000015772c0a820):  VMThread "VM Thread"          [id=20888, stack(0x0000001ada200000,0x0000001ada300000) (1024K)]

Stack: [0x0000001ada200000,0x0000001ada300000]
Native frames: (J=compiled Java code, j=interpreted, Vv=VM code, C=native code)
V  [jvm.dll+0x6cafb9]
V  [jvm.dll+0x858523]
V  [jvm.dll+0x85aa7e]
V  [jvm.dll+0x85b163]
V  [jvm.dll+0x27d356]
V  [jvm.dll+0x6c7865]
V  [jvm.dll+0x6bbd3a]
V  [jvm.dll+0x35199b]
V  [jvm.dll+0x3595d6]
V  [jvm.dll+0x3aa826]
V  [jvm.dll+0x3aaaf8]
V  [jvm.dll+0x3240bc]
V  [jvm.dll+0x324147]
V  [jvm.dll+0x36a00c]
V  [jvm.dll+0x36879e]
V  [jvm.dll+0x3237c1]
V  [jvm.dll+0x367eb0]
V  [jvm.dll+0x860ac8]
V  [jvm.dll+0x861bc4]
V  [jvm.dll+0x862100]
V  [jvm.dll+0x862393]
V  [jvm.dll+0x800d78]
V  [jvm.dll+0x6c98cd]
C  [ucrtbase.dll+0x37b0]
C  [KERNEL32.DLL+0x2e8d7]
C  [ntdll.dll+0x8c40c]

VM_Operation (0x0000001ae2ffacc0): G1CollectForAllocation, mode: safepoint, requested by thread 0x00000157201ddcb0


---------------  P R O C E S S  ---------------

Threads class SMR info:
_java_thread_list=0x00000157293c52c0, length=182, elements={
0x000001576256f170, 0x0000015772cac020, 0x0000015772caca80, 0x0000015772cadf60,
0x0000015772cae9c0, 0x0000015772caf420, 0x0000015772cb7e90, 0x0000015772c97ee0,
0x0000015772cc9d00, 0x0000015772e0d8e0, 0x0000015772fbfc80, 0x00000157789df830,
0x0000015778b75bc0, 0x0000015778ac12a0, 0x0000015778db23f0, 0x0000015778db2a60,
0x0000015778dc9880, 0x0000015778dd40c0, 0x0000015778da6080, 0x0000015778da6da0,
0x0000015778da87e0, 0x0000015778da5360, 0x0000015778da7430, 0x0000015778da7ac0,
0x0000015778da8150, 0x0000015778da6710, 0x000001577ae9c4c0, 0x000001577ae9df00,
0x000001577ae9ec20, 0x000001577dc9e6d0, 0x000001577dc9d9b0, 0x000001577dc9d320,
0x000001577dc9cc90, 0x000001577dca1b50, 0x000001577dca2f00, 0x000001577e4386f0,
0x000001577e43b4e0, 0x000001577e439410, 0x000001577e43a130, 0x000001577e43a7c0,
0x000001577e43ae50, 0x000001577e438d80, 0x000001577c5dbe00, 0x000001577c5dcb20,
0x000001577c5db0e0, 0x000001577c5dc490, 0x000001577c5daa50, 0x000001577c5db770,
0x000001577c5df910, 0x000001577c5dffa0, 0x000001577c5e0630, 0x000001577c5dd1b0,
0x000001577c5e0cc0, 0x000001577c5dd840, 0x000001577c5e1350, 0x000001577c5dded0,
0x000001577c5e19e0, 0x000001577a645540, 0x000001577a644820, 0x000001577a643b00,
0x000001577a646260, 0x000001577a644eb0, 0x000001577a642de0, 0x000001577a6468f0,
0x000001577a643470, 0x000001577a6496e0, 0x000001577a648330, 0x000001577a647ca0,
0x000001577a646f80, 0x000001577c5de560, 0x000001577c5df280, 0x0000015779690110,
0x000001577968fa80, 0x0000015779692870, 0x00000157796914c0, 0x0000015779693590,
0x00000157796921e0, 0x00000157796907a0, 0x00000157796942b0, 0x0000015779694fd0,
0x0000015779692f00, 0x0000015779694940, 0x0000015779693c20, 0x0000015779691b50,
0x0000015779695cf0, 0x0000015779696380, 0x0000015779696a10, 0x00000157796970a0,
0x000001577750c5a0, 0x0000015777509120, 0x000001577750b1f0, 0x000001577750b880,
0x00000157775097b0, 0x000001577750ab60, 0x000001577750bf10, 0x000001577750cc30,
0x000001577750d2c0, 0x0000015777509e40, 0x000001577750d950, 0x000001577750a4d0,
0x000001577750ed00, 0x000001577750dfe0, 0x000001577750e670, 0x00000157775100b0,
0x000001577750fa20, 0x0000015777510740, 0x000001577750f390, 0x000001577dfdce70,
0x000001577dfdd500, 0x000001577dfde220, 0x000001577dfde8b0, 0x000001577dfddb90,
0x000001577dfdbac0, 0x000001577dfdc150, 0x000001577dfdf5d0, 0x000001577dfe16a0,
0x000001577dfe1010, 0x000001577dfe30e0, 0x000001577dfe02f0, 0x000001577dfdfc60,
0x000001577dfe1d30, 0x000001577dfe23c0, 0x000001577dfe0980, 0x000001577b8cc620,
0x000001577b8ce6f0, 0x000001577b8cf410, 0x0000015730269c10, 0x0000015730268860,
0x0000015730268ef0, 0x000001573026c370, 0x000001573026d090, 0x0000015730270510,
0x000001573026f160, 0x000001573026f7f0, 0x000001573026ddb0, 0x000001573026fe80,
0x000001573026e440, 0x000001573026ead0, 0x0000015730270ba0, 0x000001573026d720,
0x0000015730273990, 0x0000015730274020, 0x00000157302746b0, 0x0000015730271f50,
0x0000015730271230, 0x0000015730273300, 0x0000015730274d40, 0x00000157302718c0,
0x00000157302753d0, 0x0000015730275a60, 0x00000157302725e0, 0x00000157302760f0,
0x0000015730272c70, 0x0000015730276780, 0x0000015730276e10, 0x000001572e846f40,
0x000001572e8475d0, 0x000001572e8482f0, 0x000001572e847c60, 0x000001572e845500,
0x000001572e8468b0, 0x000001572e844e70, 0x000001572e845b90, 0x00000157201dbbe0,
0x00000157201dd620, 0x00000157201da1a0, 0x00000157201db550, 0x00000157201dc270,
0x00000157201dc900, 0x00000157201dcf90, 0x00000157201ddcb0, 0x00000157201de340,
0x00000157201daec0, 0x00000157201de9d0, 0x00000157201df060, 0x00000157201e17c0,
0x000001577b8c9830, 0x000001577b8c9ec0, 0x000001577b8ca550, 0x000001577b8d2200,
0x000001572e850630, 0x000001572e84ebf0
}

Java Threads: ( => current thread )
  0x000001576256f170 JavaThread "main"                              [_thread_blocked, id=10328, stack(0x0000001ad9b00000,0x0000001ad9c00000) (1024K)]
  0x0000015772cac020 JavaThread "Reference Handler"          daemon [_thread_blocked, id=27492, stack(0x0000001ada300000,0x0000001ada400000) (1024K)]
  0x0000015772caca80 JavaThread "Finalizer"                  daemon [_thread_blocked, id=30028, stack(0x0000001ada400000,0x0000001ada500000) (1024K)]
  0x0000015772cadf60 JavaThread "Signal Dispatcher"          daemon [_thread_blocked, id=6456, stack(0x0000001ada500000,0x0000001ada600000) (1024K)]
  0x0000015772cae9c0 JavaThread "Attach Listener"            daemon [_thread_blocked, id=18396, stack(0x0000001ada600000,0x0000001ada700000) (1024K)]
  0x0000015772caf420 JavaThread "Service Thread"             daemon [_thread_blocked, id=2260, stack(0x0000001ada700000,0x0000001ada800000) (1024K)]
  0x0000015772cb7e90 JavaThread "Monitor Deflation Thread"   daemon [_thread_blocked, id=6596, stack(0x0000001ada800000,0x0000001ada900000) (1024K)]
  0x0000015772c97ee0 JavaThread "C2 CompilerThread0"         daemon [_thread_blocked, id=4880, stack(0x0000001ada900000,0x0000001adaa00000) (1024K)]
  0x0000015772cc9d00 JavaThread "C1 CompilerThread0"         daemon [_thread_blocked, id=24972, stack(0x0000001adaa00000,0x0000001adab00000) (1024K)]
  0x0000015772e0d8e0 JavaThread "Common-Cleaner"             daemon [_thread_blocked, id=7284, stack(0x0000001adab00000,0x0000001adac00000) (1024K)]
  0x0000015772fbfc80 JavaThread "Notification Thread"        daemon [_thread_blocked, id=21560, stack(0x0000001adac00000,0x0000001adad00000) (1024K)]
  0x00000157789df830 JavaThread "Daemon health stats"               [_thread_blocked, id=24272, stack(0x0000001adb500000,0x0000001adb600000) (1024K)]
  0x0000015778b75bc0 JavaThread "Incoming local TCP Connector on port 53845"        [_thread_in_native, id=22684, stack(0x0000001adad00000,0x0000001adae00000) (1024K)]
  0x0000015778ac12a0 JavaThread "Daemon periodic checks"            [_thread_blocked, id=19664, stack(0x0000001adb700000,0x0000001adb800000) (1024K)]
  0x0000015778db23f0 JavaThread "Daemon"                            [_thread_blocked, id=17184, stack(0x0000001adb800000,0x0000001adb900000) (1024K)]
  0x0000015778db2a60 JavaThread "Handler for socket connection from /127.0.0.1:53845 to /127.0.0.1:53846"        [_thread_in_native, id=22340, stack(0x0000001adb900000,0x0000001adba00000) (1024K)]
  0x0000015778dc9880 JavaThread "Cancel handler"                    [_thread_blocked, id=21308, stack(0x0000001adba00000,0x0000001adbb00000) (1024K)]
  0x0000015778dd40c0 JavaThread "Daemon worker"                     [_thread_blocked, id=20948, stack(0x0000001adbb00000,0x0000001adbc00000) (1024K)]
  0x0000015778da6080 JavaThread "Asynchronous log dispatcher for DefaultDaemonConnection: socket connection from /127.0.0.1:53845 to /127.0.0.1:53846"        [_thread_blocked, id=28148, stack(0x0000001adbc00000,0x0000001adbd00000) (1024K)]
  0x0000015778da6da0 JavaThread "Stdin handler"                     [_thread_blocked, id=10308, stack(0x0000001adbd00000,0x0000001adbe00000) (1024K)]
  0x0000015778da87e0 JavaThread "Daemon client event forwarder"        [_thread_blocked, id=8792, stack(0x0000001adbe00000,0x0000001adbf00000) (1024K)]
  0x0000015778da5360 JavaThread "Cache worker for journal cache (C:\Users\danil\.gradle\caches\journal-1)"        [_thread_blocked, id=22384, stack(0x0000001adb600000,0x0000001adb700000) (1024K)]
  0x0000015778da7430 JavaThread "File lock request listener"        [_thread_in_native, id=5204, stack(0x0000001adc300000,0x0000001adc400000) (1024K)]
  0x0000015778da7ac0 JavaThread "Cache worker for file hash cache (C:\Users\danil\.gradle\caches\8.12\fileHashes)"        [_thread_blocked, id=7220, stack(0x0000001adc400000,0x0000001adc500000) (1024K)]
  0x0000015778da8150 JavaThread "Cache worker for file hash cache (C:\Users\danil\Desktop\INSTA DAM\INSTA-DAM\android\.gradle\8.12\fileHashes)"        [_thread_blocked, id=24464, stack(0x0000001adc600000,0x0000001adc700000) (1024K)]
  0x0000015778da6710 JavaThread "Cache worker for Build Output Cleanup Cache (C:\Users\danil\Desktop\INSTA DAM\INSTA-DAM\android\.gradle\buildOutputCleanup)"        [_thread_blocked, id=13508, stack(0x0000001adc700000,0x0000001adc800000) (1024K)]
  0x000001577ae9c4c0 JavaThread "File watcher server"        daemon [_thread_in_native, id=7484, stack(0x0000001adc800000,0x0000001adc900000) (1024K)]
  0x000001577ae9df00 JavaThread "File watcher consumer"      daemon [_thread_blocked, id=392, stack(0x0000001adc900000,0x0000001adca00000) (1024K)]
  0x000001577ae9ec20 JavaThread "Cache worker for checksums cache (C:\Users\danil\Desktop\INSTA DAM\INSTA-DAM\android\.gradle\8.12\checksums)"        [_thread_blocked, id=132, stack(0x0000001adca00000,0x0000001adcb00000) (1024K)]
  0x000001577dc9e6d0 JavaThread "Cache worker for file content cache (C:\Users\danil\.gradle\caches\8.12\fileContent)"        [_thread_blocked, id=25052, stack(0x0000001adcb00000,0x0000001adcc00000) (1024K)]
  0x000001577dc9d9b0 JavaThread "Cache worker for cache directory md-rule (C:\Users\danil\.gradle\caches\8.12\md-rule)"        [_thread_blocked, id=29808, stack(0x0000001adcc00000,0x0000001adcd00000) (1024K)]
  0x000001577dc9d320 JavaThread "Cache worker for cache directory md-supplier (C:\Users\danil\.gradle\caches\8.12\md-supplier)"        [_thread_blocked, id=13716, stack(0x0000001adcd00000,0x0000001adce00000) (1024K)]
  0x000001577dc9cc90 JavaThread "Cache worker for Build Output Cleanup Cache (C:\Users\danil\flutter\packages\flutter_tools\gradle\.gradle\buildOutputCleanup)"        [_thread_blocked, id=12000, stack(0x0000001adce00000,0x0000001adcf00000) (1024K)]
  0x000001577dca1b50 JavaThread "Kotlin DSL Writer"                 [_thread_blocked, id=21456, stack(0x0000001adcf00000,0x0000001add000000) (1024K)]
  0x000001577dca2f00 JavaThread "Memory manager"                    [_thread_blocked, id=21952, stack(0x0000001add000000,0x0000001add100000) (1024K)]
  0x000001577e4386f0 JavaThread "Execution worker"                  [_thread_blocked, id=3228, stack(0x0000001add100000,0x0000001add200000) (1024K)]
  0x000001577e43b4e0 JavaThread "Execution worker Thread 2"         [_thread_blocked, id=11956, stack(0x0000001add200000,0x0000001add300000) (1024K)]
  0x000001577e439410 JavaThread "Execution worker Thread 3"         [_thread_blocked, id=25500, stack(0x0000001add300000,0x0000001add400000) (1024K)]
  0x000001577e43a130 JavaThread "Execution worker Thread 4"         [_thread_blocked, id=19688, stack(0x0000001add400000,0x0000001add500000) (1024K)]
  0x000001577e43a7c0 JavaThread "Execution worker Thread 5"         [_thread_blocked, id=23732, stack(0x0000001add500000,0x0000001add600000) (1024K)]
  0x000001577e43ae50 JavaThread "Execution worker Thread 6"         [_thread_blocked, id=25064, stack(0x0000001add600000,0x0000001add700000) (1024K)]
  0x000001577e438d80 JavaThread "Execution worker Thread 7"         [_thread_blocked, id=20828, stack(0x0000001add700000,0x0000001add800000) (1024K)]
  0x000001577c5dbe00 JavaThread "Execution worker Thread 8"         [_thread_blocked, id=25488, stack(0x0000001add800000,0x0000001add900000) (1024K)]
  0x000001577c5dcb20 JavaThread "Execution worker Thread 9"         [_thread_blocked, id=21172, stack(0x0000001add900000,0x0000001adda00000) (1024K)]
  0x000001577c5db0e0 JavaThread "Execution worker Thread 10"        [_thread_blocked, id=23608, stack(0x0000001adda00000,0x0000001addb00000) (1024K)]
  0x000001577c5dc490 JavaThread "Execution worker Thread 11"        [_thread_blocked, id=23792, stack(0x0000001addb00000,0x0000001addc00000) (1024K)]
  0x000001577c5daa50 JavaThread "Cache worker for execution history cache (C:\Users\danil\flutter\packages\flutter_tools\gradle\.gradle\8.12\executionHistory)"        [_thread_blocked, id=19836, stack(0x0000001addc00000,0x0000001addd00000) (1024K)]
  0x000001577c5db770 JavaThread "Unconstrained build operations"        [_thread_blocked, id=21500, stack(0x0000001addd00000,0x0000001adde00000) (1024K)]
  0x000001577c5df910 JavaThread "Unconstrained build operations Thread 2"        [_thread_blocked, id=21492, stack(0x0000001adde00000,0x0000001addf00000) (1024K)]
  0x000001577c5dffa0 JavaThread "Unconstrained build operations Thread 3"        [_thread_blocked, id=16172, stack(0x0000001addf00000,0x0000001ade000000) (1024K)]
  0x000001577c5e0630 JavaThread "Unconstrained build operations Thread 4"        [_thread_blocked, id=27236, stack(0x0000001ade000000,0x0000001ade100000) (1024K)]
  0x000001577c5dd1b0 JavaThread "Unconstrained build operations Thread 5"        [_thread_blocked, id=8460, stack(0x0000001ade100000,0x0000001ade200000) (1024K)]
  0x000001577c5e0cc0 JavaThread "Unconstrained build operations Thread 6"        [_thread_blocked, id=26948, stack(0x0000001ade200000,0x0000001ade300000) (1024K)]
  0x000001577c5dd840 JavaThread "Unconstrained build operations Thread 7"        [_thread_blocked, id=21948, stack(0x0000001ade300000,0x0000001ade400000) (1024K)]
  0x000001577c5e1350 JavaThread "Unconstrained build operations Thread 8"        [_thread_blocked, id=19644, stack(0x0000001ade400000,0x0000001ade500000) (1024K)]
  0x000001577c5dded0 JavaThread "Unconstrained build operations Thread 9"        [_thread_blocked, id=21604, stack(0x0000001ade500000,0x0000001ade600000) (1024K)]
  0x000001577c5e19e0 JavaThread "Unconstrained build operations Thread 10"        [_thread_blocked, id=19772, stack(0x0000001ade600000,0x0000001ade700000) (1024K)]
  0x000001577a645540 JavaThread "Unconstrained build operations Thread 11"        [_thread_blocked, id=2868, stack(0x0000001ade900000,0x0000001adea00000) (1024K)]
  0x000001577a644820 JavaThread "Unconstrained build operations Thread 12"        [_thread_blocked, id=23120, stack(0x0000001aded00000,0x0000001adee00000) (1024K)]
  0x000001577a643b00 JavaThread "Unconstrained build operations Thread 13"        [_thread_blocked, id=9656, stack(0x0000001adee00000,0x0000001adef00000) (1024K)]
  0x000001577a646260 JavaThread "Unconstrained build operations Thread 14"        [_thread_blocked, id=23716, stack(0x0000001adef00000,0x0000001adf000000) (1024K)]
  0x000001577a644eb0 JavaThread "Unconstrained build operations Thread 15"        [_thread_blocked, id=11464, stack(0x0000001adf000000,0x0000001adf100000) (1024K)]
  0x000001577a642de0 JavaThread "Unconstrained build operations Thread 16"        [_thread_blocked, id=25632, stack(0x0000001adf100000,0x0000001adf200000) (1024K)]
  0x000001577a6468f0 JavaThread "Unconstrained build operations Thread 17"        [_thread_blocked, id=12256, stack(0x0000001adf200000,0x0000001adf300000) (1024K)]
  0x000001577a643470 JavaThread "Unconstrained build operations Thread 18"        [_thread_blocked, id=1396, stack(0x0000001adf300000,0x0000001adf400000) (1024K)]
  0x000001577a6496e0 JavaThread "Unconstrained build operations Thread 19"        [_thread_blocked, id=21920, stack(0x0000001adf400000,0x0000001adf500000) (1024K)]
  0x000001577a648330 JavaThread "Unconstrained build operations Thread 20"        [_thread_blocked, id=26584, stack(0x0000001adf500000,0x0000001adf600000) (1024K)]
  0x000001577a647ca0 JavaThread "Unconstrained build operations Thread 21"        [_thread_blocked, id=23088, stack(0x0000001adf600000,0x0000001adf700000) (1024K)]
  0x000001577a646f80 JavaThread "Unconstrained build operations Thread 22"        [_thread_blocked, id=29008, stack(0x0000001adf700000,0x0000001adf800000) (1024K)]
  0x000001577c5de560 JavaThread "Unconstrained build operations Thread 23"        [_thread_blocked, id=29424, stack(0x0000001adf800000,0x0000001adf900000) (1024K)]
  0x000001577c5df280 JavaThread "Unconstrained build operations Thread 24"        [_thread_blocked, id=21804, stack(0x0000001ade700000,0x0000001ade800000) (1024K)]
  0x0000015779690110 JavaThread "Unconstrained build operations Thread 25"        [_thread_blocked, id=24472, stack(0x0000001adf900000,0x0000001adfa00000) (1024K)]
  0x000001577968fa80 JavaThread "Unconstrained build operations Thread 26"        [_thread_blocked, id=4400, stack(0x0000001adfa00000,0x0000001adfb00000) (1024K)]
  0x0000015779692870 JavaThread "Unconstrained build operations Thread 27"        [_thread_blocked, id=2880, stack(0x0000001adfb00000,0x0000001adfc00000) (1024K)]
  0x00000157796914c0 JavaThread "Unconstrained build operations Thread 28"        [_thread_blocked, id=26472, stack(0x0000001adfc00000,0x0000001adfd00000) (1024K)]
  0x0000015779693590 JavaThread "Unconstrained build operations Thread 29"        [_thread_blocked, id=10600, stack(0x0000001adfd00000,0x0000001adfe00000) (1024K)]
  0x00000157796921e0 JavaThread "Unconstrained build operations Thread 30"        [_thread_blocked, id=19716, stack(0x0000001adfe00000,0x0000001adff00000) (1024K)]
  0x00000157796907a0 JavaThread "Unconstrained build operations Thread 31"        [_thread_blocked, id=24904, stack(0x0000001adff00000,0x0000001ae0000000) (1024K)]
  0x00000157796942b0 JavaThread "Unconstrained build operations Thread 32"        [_thread_blocked, id=23280, stack(0x0000001ae0000000,0x0000001ae0100000) (1024K)]
  0x0000015779694fd0 JavaThread "Unconstrained build operations Thread 33"        [_thread_blocked, id=3252, stack(0x0000001ae0100000,0x0000001ae0200000) (1024K)]
  0x0000015779692f00 JavaThread "Unconstrained build operations Thread 34"        [_thread_blocked, id=28476, stack(0x0000001ae0200000,0x0000001ae0300000) (1024K)]
  0x0000015779694940 JavaThread "Unconstrained build operations Thread 35"        [_thread_blocked, id=15588, stack(0x0000001ae0300000,0x0000001ae0400000) (1024K)]
  0x0000015779693c20 JavaThread "Unconstrained build operations Thread 36"        [_thread_blocked, id=17536, stack(0x0000001ae0400000,0x0000001ae0500000) (1024K)]
  0x0000015779691b50 JavaThread "Unconstrained build operations Thread 37"        [_thread_blocked, id=21288, stack(0x0000001ae0500000,0x0000001ae0600000) (1024K)]
  0x0000015779695cf0 JavaThread "Unconstrained build operations Thread 38"        [_thread_blocked, id=23676, stack(0x0000001ae0600000,0x0000001ae0700000) (1024K)]
  0x0000015779696380 JavaThread "Unconstrained build operations Thread 39"        [_thread_blocked, id=20300, stack(0x0000001ae0700000,0x0000001ae0800000) (1024K)]
  0x0000015779696a10 JavaThread "Unconstrained build operations Thread 40"        [_thread_blocked, id=30568, stack(0x0000001ae0800000,0x0000001ae0900000) (1024K)]
  0x00000157796970a0 JavaThread "Unconstrained build operations Thread 41"        [_thread_blocked, id=12264, stack(0x0000001ae0900000,0x0000001ae0a00000) (1024K)]
  0x000001577750c5a0 JavaThread "Unconstrained build operations Thread 42"        [_thread_blocked, id=8504, stack(0x0000001ae0a00000,0x0000001ae0b00000) (1024K)]
  0x0000015777509120 JavaThread "Unconstrained build operations Thread 43"        [_thread_blocked, id=11380, stack(0x0000001ae0b00000,0x0000001ae0c00000) (1024K)]
  0x000001577750b1f0 JavaThread "Unconstrained build operations Thread 44"        [_thread_blocked, id=14332, stack(0x0000001ae0c00000,0x0000001ae0d00000) (1024K)]
  0x000001577750b880 JavaThread "Unconstrained build operations Thread 45"        [_thread_blocked, id=18188, stack(0x0000001ae0d00000,0x0000001ae0e00000) (1024K)]
  0x00000157775097b0 JavaThread "Unconstrained build operations Thread 46"        [_thread_blocked, id=19268, stack(0x0000001ae0e00000,0x0000001ae0f00000) (1024K)]
  0x000001577750ab60 JavaThread "Unconstrained build operations Thread 47"        [_thread_blocked, id=19684, stack(0x0000001ae0f00000,0x0000001ae1000000) (1024K)]
  0x000001577750bf10 JavaThread "Unconstrained build operations Thread 48"        [_thread_blocked, id=2408, stack(0x0000001ae1000000,0x0000001ae1100000) (1024K)]
  0x000001577750cc30 JavaThread "Unconstrained build operations Thread 49"        [_thread_blocked, id=28848, stack(0x0000001ae1100000,0x0000001ae1200000) (1024K)]
  0x000001577750d2c0 JavaThread "Unconstrained build operations Thread 50"        [_thread_blocked, id=29400, stack(0x0000001ae1200000,0x0000001ae1300000) (1024K)]
  0x0000015777509e40 JavaThread "Unconstrained build operations Thread 51"        [_thread_blocked, id=22004, stack(0x0000001ae1300000,0x0000001ae1400000) (1024K)]
  0x000001577750d950 JavaThread "Unconstrained build operations Thread 52"        [_thread_blocked, id=27384, stack(0x0000001ae1400000,0x0000001ae1500000) (1024K)]
  0x000001577750a4d0 JavaThread "Unconstrained build operations Thread 53"        [_thread_blocked, id=25124, stack(0x0000001ae1500000,0x0000001ae1600000) (1024K)]
  0x000001577750ed00 JavaThread "Unconstrained build operations Thread 54"        [_thread_blocked, id=16900, stack(0x0000001ae1600000,0x0000001ae1700000) (1024K)]
  0x000001577750dfe0 JavaThread "Unconstrained build operations Thread 55"        [_thread_blocked, id=25992, stack(0x0000001ae1700000,0x0000001ae1800000) (1024K)]
  0x000001577750e670 JavaThread "Unconstrained build operations Thread 56"        [_thread_blocked, id=25436, stack(0x0000001ae1800000,0x0000001ae1900000) (1024K)]
  0x00000157775100b0 JavaThread "Unconstrained build operations Thread 57"        [_thread_blocked, id=26504, stack(0x0000001ae1900000,0x0000001ae1a00000) (1024K)]
  0x000001577750fa20 JavaThread "Unconstrained build operations Thread 58"        [_thread_blocked, id=10576, stack(0x0000001ae1a00000,0x0000001ae1b00000) (1024K)]
  0x0000015777510740 JavaThread "Unconstrained build operations Thread 59"        [_thread_blocked, id=6784, stack(0x0000001ae1b00000,0x0000001ae1c00000) (1024K)]
  0x000001577750f390 JavaThread "Unconstrained build operations Thread 60"        [_thread_blocked, id=23832, stack(0x0000001ae1e00000,0x0000001ae1f00000) (1024K)]
  0x000001577dfdce70 JavaThread "Unconstrained build operations Thread 61"        [_thread_blocked, id=24380, stack(0x0000001ae1f00000,0x0000001ae2000000) (1024K)]
  0x000001577dfdd500 JavaThread "Unconstrained build operations Thread 62"        [_thread_blocked, id=17592, stack(0x0000001ae2000000,0x0000001ae2100000) (1024K)]
  0x000001577dfde220 JavaThread "Unconstrained build operations Thread 63"        [_thread_blocked, id=29192, stack(0x0000001ae2100000,0x0000001ae2200000) (1024K)]
  0x000001577dfde8b0 JavaThread "Unconstrained build operations Thread 64"        [_thread_blocked, id=25032, stack(0x0000001ae2200000,0x0000001ae2300000) (1024K)]
  0x000001577dfddb90 JavaThread "Unconstrained build operations Thread 65"        [_thread_blocked, id=17976, stack(0x0000001ae2300000,0x0000001ae2400000) (1024K)]
  0x000001577dfdbac0 JavaThread "Unconstrained build operations Thread 66"        [_thread_blocked, id=20216, stack(0x0000001ad9800000,0x0000001ad9900000) (1024K)]
  0x000001577dfdc150 JavaThread "Unconstrained build operations Thread 67"        [_thread_blocked, id=2804, stack(0x0000001ae1d00000,0x0000001ae1e00000) (1024K)]
  0x000001577dfdf5d0 JavaThread "Unconstrained build operations Thread 68"        [_thread_blocked, id=21088, stack(0x0000001ae2400000,0x0000001ae2500000) (1024K)]
  0x000001577dfe16a0 JavaThread "Unconstrained build operations Thread 69"        [_thread_blocked, id=23044, stack(0x0000001ae2500000,0x0000001ae2600000) (1024K)]
  0x000001577dfe1010 JavaThread "Unconstrained build operations Thread 70"        [_thread_blocked, id=30212, stack(0x0000001ae2600000,0x0000001ae2700000) (1024K)]
  0x000001577dfe30e0 JavaThread "Unconstrained build operations Thread 71"        [_thread_blocked, id=29516, stack(0x0000001ae2700000,0x0000001ae2800000) (1024K)]
  0x000001577dfe02f0 JavaThread "Unconstrained build operations Thread 72"        [_thread_blocked, id=14776, stack(0x0000001ae2800000,0x0000001ae2900000) (1024K)]
  0x000001577dfdfc60 JavaThread "Unconstrained build operations Thread 73"        [_thread_blocked, id=30120, stack(0x0000001ae2900000,0x0000001ae2a00000) (1024K)]
  0x000001577dfe1d30 JavaThread "Unconstrained build operations Thread 74"        [_thread_blocked, id=25416, stack(0x0000001ae2a00000,0x0000001ae2b00000) (1024K)]
  0x000001577dfe23c0 JavaThread "Unconstrained build operations Thread 75"        [_thread_blocked, id=26244, stack(0x0000001ae2b00000,0x0000001ae2c00000) (1024K)]
  0x000001577dfe0980 JavaThread "Unconstrained build operations Thread 76"        [_thread_blocked, id=5192, stack(0x0000001ae2c00000,0x0000001ae2d00000) (1024K)]
  0x000001577b8cc620 JavaThread "jar transforms"                    [_thread_blocked, id=29900, stack(0x0000001ae3000000,0x0000001ae3100000) (1024K)]
  0x000001577b8ce6f0 JavaThread "jar transforms Thread 2"           [_thread_blocked, id=15020, stack(0x0000001ae2d00000,0x0000001ae2e00000) (1024K)]
  0x000001577b8cf410 JavaThread "Kotlin DSL Writer"                 [_thread_blocked, id=20464, stack(0x0000001ae3100000,0x0000001ae3200000) (1024K)]
  0x0000015730269c10 JavaThread "build event listener"              [_thread_blocked, id=18236, stack(0x0000001ae3200000,0x0000001ae3300000) (1024K)]
  0x0000015730268860 JavaThread "Problems report writer"            [_thread_blocked, id=16772, stack(0x0000001ae3300000,0x0000001ae3400000) (1024K)]
  0x0000015730268ef0 JavaThread "jar transforms Thread 3"           [_thread_blocked, id=18108, stack(0x0000001ae3400000,0x0000001ae3500000) (1024K)]
  0x000001573026c370 JavaThread "jar transforms Thread 4"           [_thread_blocked, id=27684, stack(0x0000001ae3500000,0x0000001ae3600000) (1024K)]
  0x000001573026d090 JavaThread "Unconstrained build operations Thread 77"        [_thread_blocked, id=14820, stack(0x0000001ae3600000,0x0000001ae3700000) (1024K)]
  0x0000015730270510 JavaThread "Unconstrained build operations Thread 78"        [_thread_blocked, id=7832, stack(0x0000001ae3700000,0x0000001ae3800000) (1024K)]
  0x000001573026f160 JavaThread "Unconstrained build operations Thread 79"        [_thread_blocked, id=27040, stack(0x0000001ae3800000,0x0000001ae3900000) (1024K)]
  0x000001573026f7f0 JavaThread "Unconstrained build operations Thread 80"        [_thread_blocked, id=24292, stack(0x0000001ae3900000,0x0000001ae3a00000) (1024K)]
  0x000001573026ddb0 JavaThread "Unconstrained build operations Thread 81"        [_thread_blocked, id=30128, stack(0x0000001ae3a00000,0x0000001ae3b00000) (1024K)]
  0x000001573026fe80 JavaThread "Unconstrained build operations Thread 82"        [_thread_blocked, id=8252, stack(0x0000001ae3b00000,0x0000001ae3c00000) (1024K)]
  0x000001573026e440 JavaThread "Unconstrained build operations Thread 83"        [_thread_blocked, id=23444, stack(0x0000001ae3c00000,0x0000001ae3d00000) (1024K)]
  0x000001573026ead0 JavaThread "Unconstrained build operations Thread 84"        [_thread_blocked, id=29752, stack(0x0000001ae3d00000,0x0000001ae3e00000) (1024K)]
  0x0000015730270ba0 JavaThread "Unconstrained build operations Thread 85"        [_thread_blocked, id=27596, stack(0x0000001ae3e00000,0x0000001ae3f00000) (1024K)]
  0x000001573026d720 JavaThread "Unconstrained build operations Thread 86"        [_thread_blocked, id=6148, stack(0x0000001ae3f00000,0x0000001ae4000000) (1024K)]
  0x0000015730273990 JavaThread "Unconstrained build operations Thread 87"        [_thread_blocked, id=14956, stack(0x0000001ae4000000,0x0000001ae4100000) (1024K)]
  0x0000015730274020 JavaThread "Unconstrained build operations Thread 88"        [_thread_blocked, id=18928, stack(0x0000001ae4100000,0x0000001ae4200000) (1024K)]
  0x00000157302746b0 JavaThread "Unconstrained build operations Thread 89"        [_thread_blocked, id=13932, stack(0x0000001ae4200000,0x0000001ae4300000) (1024K)]
  0x0000015730271f50 JavaThread "Unconstrained build operations Thread 90"        [_thread_blocked, id=24160, stack(0x0000001ae4300000,0x0000001ae4400000) (1024K)]
  0x0000015730271230 JavaThread "Unconstrained build operations Thread 91"        [_thread_blocked, id=20328, stack(0x0000001ae4400000,0x0000001ae4500000) (1024K)]
  0x0000015730273300 JavaThread "Unconstrained build operations Thread 92"        [_thread_blocked, id=24672, stack(0x0000001ae4500000,0x0000001ae4600000) (1024K)]
  0x0000015730274d40 JavaThread "Unconstrained build operations Thread 93"        [_thread_blocked, id=20796, stack(0x0000001ae4600000,0x0000001ae4700000) (1024K)]
  0x00000157302718c0 JavaThread "Unconstrained build operations Thread 94"        [_thread_blocked, id=5452, stack(0x0000001ae4700000,0x0000001ae4800000) (1024K)]
  0x00000157302753d0 JavaThread "Unconstrained build operations Thread 95"        [_thread_blocked, id=27816, stack(0x0000001ae4800000,0x0000001ae4900000) (1024K)]
  0x0000015730275a60 JavaThread "Unconstrained build operations Thread 96"        [_thread_blocked, id=12440, stack(0x0000001ae4900000,0x0000001ae4a00000) (1024K)]
  0x00000157302725e0 JavaThread "Unconstrained build operations Thread 97"        [_thread_blocked, id=29720, stack(0x0000001ae4a00000,0x0000001ae4b00000) (1024K)]
  0x00000157302760f0 JavaThread "Unconstrained build operations Thread 98"        [_thread_blocked, id=27412, stack(0x0000001ae4b00000,0x0000001ae4c00000) (1024K)]
  0x0000015730272c70 JavaThread "Unconstrained build operations Thread 99"        [_thread_blocked, id=16752, stack(0x0000001ae1c00000,0x0000001ae1d00000) (1024K)]
  0x0000015730276780 JavaThread "Unconstrained build operations Thread 100"        [_thread_blocked, id=19364, stack(0x0000001ae4c00000,0x0000001ae4d00000) (1024K)]
  0x0000015730276e10 JavaThread "Unconstrained build operations Thread 101"        [_thread_blocked, id=9256, stack(0x0000001ae4d00000,0x0000001ae4e00000) (1024K)]
  0x000001572e846f40 JavaThread "Unconstrained build operations Thread 102"        [_thread_blocked, id=22160, stack(0x0000001ae4e00000,0x0000001ae4f00000) (1024K)]
  0x000001572e8475d0 JavaThread "Unconstrained build operations Thread 103"        [_thread_blocked, id=6664, stack(0x0000001ae4f00000,0x0000001ae5000000) (1024K)]
  0x000001572e8482f0 JavaThread "Unconstrained build operations Thread 104"        [_thread_blocked, id=28420, stack(0x0000001ae5000000,0x0000001ae5100000) (1024K)]
  0x000001572e847c60 JavaThread "Unconstrained build operations Thread 105"        [_thread_blocked, id=25252, stack(0x0000001ae5100000,0x0000001ae5200000) (1024K)]
  0x000001572e845500 JavaThread "Unconstrained build operations Thread 106"        [_thread_blocked, id=6564, stack(0x0000001ae5200000,0x0000001ae5300000) (1024K)]
  0x000001572e8468b0 JavaThread "Unconstrained build operations Thread 107"        [_thread_blocked, id=23072, stack(0x0000001ae5300000,0x0000001ae5400000) (1024K)]
  0x000001572e844e70 JavaThread "Unconstrained build operations Thread 108"        [_thread_blocked, id=8416, stack(0x0000001ae5400000,0x0000001ae5500000) (1024K)]
  0x000001572e845b90 JavaThread "Unconstrained build operations Thread 109"        [_thread_blocked, id=656, stack(0x0000001ae5500000,0x0000001ae5600000) (1024K)]
  0x00000157201dbbe0 JavaThread "jar transforms Thread 5"           [_thread_blocked, id=23692, stack(0x0000001ad9900000,0x0000001ad9a00000) (1024K)]
  0x00000157201dd620 JavaThread "Unconstrained build operations Thread 110"        [_thread_blocked, id=10692, stack(0x0000001adc500000,0x0000001adc600000) (1024K)]
  0x00000157201da1a0 JavaThread "Unconstrained build operations Thread 111"        [_thread_blocked, id=17088, stack(0x0000001ade800000,0x0000001ade900000) (1024K)]
  0x00000157201db550 JavaThread "Unconstrained build operations Thread 112"        [_thread_blocked, id=15804, stack(0x0000001adea00000,0x0000001adeb00000) (1024K)]
  0x00000157201dc270 JavaThread "Unconstrained build operations Thread 113"        [_thread_blocked, id=13644, stack(0x0000001adeb00000,0x0000001adec00000) (1024K)]
  0x00000157201dc900 JavaThread "Unconstrained build operations Thread 114"        [_thread_blocked, id=25656, stack(0x0000001adec00000,0x0000001aded00000) (1024K)]
  0x00000157201dcf90 JavaThread "Unconstrained build operations Thread 115"        [_thread_blocked, id=26268, stack(0x0000001ae2e00000,0x0000001ae2f00000) (1024K)]
  0x00000157201ddcb0 JavaThread "Unconstrained build operations Thread 116"        [_thread_blocked, id=14984, stack(0x0000001ae2f00000,0x0000001ae3000000) (1024K)]
  0x00000157201de340 JavaThread "Unconstrained build operations Thread 117"        [_thread_blocked, id=26120, stack(0x0000001ae5600000,0x0000001ae5700000) (1024K)]
  0x00000157201daec0 JavaThread "Unconstrained build operations Thread 118"        [_thread_blocked, id=26496, stack(0x0000001ae5700000,0x0000001ae5800000) (1024K)]
  0x00000157201de9d0 JavaThread "Unconstrained build operations Thread 119"        [_thread_blocked, id=7464, stack(0x0000001ae5800000,0x0000001ae5900000) (1024K)]
  0x00000157201df060 JavaThread "Unconstrained build operations Thread 120"        [_thread_blocked, id=28132, stack(0x0000001ae5900000,0x0000001ae5a00000) (1024K)]
  0x00000157201e17c0 JavaThread "jar transforms Thread 6"           [_thread_blocked, id=10852, stack(0x0000001ae5a00000,0x0000001ae5b00000) (1024K)]
  0x000001577b8c9830 JavaThread "jar transforms Thread 7"           [_thread_blocked, id=7648, stack(0x0000001ae5b00000,0x0000001ae5c00000) (1024K)]
  0x000001577b8c9ec0 JavaThread "jar transforms Thread 8"           [_thread_blocked, id=29172, stack(0x0000001ae5c00000,0x0000001ae5d00000) (1024K)]
  0x000001577b8ca550 JavaThread "jar transforms Thread 9"           [_thread_blocked, id=27636, stack(0x0000001ae5e00000,0x0000001ae5f00000) (1024K)]
  0x000001577b8d2200 JavaThread "jar transforms Thread 10"          [_thread_blocked, id=18288, stack(0x0000001ae5f00000,0x0000001ae6000000) (1024K)]
  0x000001572e850630 JavaThread "jar transforms Thread 11"          [_thread_blocked, id=22264, stack(0x0000001ae6000000,0x0000001ae6100000) (1024K)]
  0x000001572e84ebf0 JavaThread "jar transforms Thread 12"          [_thread_blocked, id=19952, stack(0x0000001ae5d00000,0x0000001ae5e00000) (1024K)]
Total: 182

Other Threads:
=>0x0000015772c0a820 VMThread "VM Thread"                           [id=20888, stack(0x0000001ada200000,0x0000001ada300000) (1024K)]
  0x000001576ffcf600 WatcherThread "VM Periodic Task Thread"        [id=3668, stack(0x0000001ada100000,0x0000001ada200000) (1024K)]
  0x00000157626196b0 WorkerThread "GC Thread#0"                     [id=13124, stack(0x0000001ad9c00000,0x0000001ad9d00000) (1024K)]
  0x0000015772ffdc50 WorkerThread "GC Thread#1"                     [id=27012, stack(0x0000001adae00000,0x0000001adaf00000) (1024K)]
  0x0000015772ffdff0 WorkerThread "GC Thread#2"                     [id=20304, stack(0x0000001adaf00000,0x0000001adb000000) (1024K)]
  0x0000015777d85900 WorkerThread "GC Thread#3"                     [id=8688, stack(0x0000001adb100000,0x0000001adb200000) (1024K)]
  0x0000015778399050 WorkerThread "GC Thread#4"                     [id=17356, stack(0x0000001adb200000,0x0000001adb300000) (1024K)]
  0x00000157789844d0 WorkerThread "GC Thread#5"                     [id=16164, stack(0x0000001adb000000,0x0000001adb100000) (1024K)]
  0x00000157788c17a0 WorkerThread "GC Thread#6"                     [id=25260, stack(0x0000001adb300000,0x0000001adb400000) (1024K)]
  0x0000015778aef190 WorkerThread "GC Thread#7"                     [id=11576, stack(0x0000001adb400000,0x0000001adb500000) (1024K)]
  0x0000015778d3d220 WorkerThread "GC Thread#8"                     [id=27220, stack(0x0000001adbf00000,0x0000001adc000000) (1024K)]
  0x0000015778d3c000 WorkerThread "GC Thread#9"                     [id=7636, stack(0x0000001adc000000,0x0000001adc100000) (1024K)]
  0x000001576fe72b80 ConcurrentGCThread "G1 Main Marker"            [id=21660, stack(0x0000001ad9d00000,0x0000001ad9e00000) (1024K)]
  0x000001576fe73430 WorkerThread "G1 Conc#0"                       [id=19956, stack(0x0000001ad9e00000,0x0000001ad9f00000) (1024K)]
  0x0000015778d3ce80 WorkerThread "G1 Conc#1"                       [id=26000, stack(0x0000001adc100000,0x0000001adc200000) (1024K)]
  0x0000015778d3b8c0 WorkerThread "G1 Conc#2"                       [id=25164, stack(0x0000001adc200000,0x0000001adc300000) (1024K)]
  0x000001576fea4690 ConcurrentGCThread "G1 Refine#0"               [id=19800, stack(0x0000001ad9f00000,0x0000001ada000000) (1024K)]
  0x000001576fea6ec0 ConcurrentGCThread "G1 Service"                [id=21328, stack(0x0000001ada000000,0x0000001ada100000) (1024K)]
Total: 18

Threads with active compile tasks:
Total: 0

VM state: at safepoint (normal execution)

VM Mutex/Monitor currently owned by a thread:  ([mutex/lock_event])
[0x00007ffefea520c8] Threads_lock - owner thread: 0x0000015772c0a820
[0x00007ffefea521c8] Heap_lock - owner thread: 0x00000157201ddcb0

Heap address: 0x0000000600000000, size: 8192 MB, Compressed Oops mode: Zero based, Oop shift amount: 3

CDS archive(s) not mapped
Compressed class space mapped at: 0x0000000800000000-0x0000000840000000, reserved size: 1073741824
Narrow klass base: 0x0000000800000000, Narrow klass shift: 0, Narrow klass range: 0x40000000

GC Precious Log:
 CardTable entry size: 512
 Card Set container configuration: InlinePtr #cards 4 size 8 Array Of Cards #cards 32 size 80 Howl #buckets 8 coarsen threshold 7372 Howl Bitmap #cards 1024 size 144 coarsen threshold 921 Card regions per heap region 1 cards per card region 8192
 CPUs: 12 total, 12 available
 Memory: 8114M
 Large Page Support: Disabled
 NUMA Support: Disabled
 Compressed Oops: Enabled (Zero based)
 Heap Region Size: 4M
 Heap Min Capacity: 8M
 Heap Initial Capacity: 128M
 Heap Max Capacity: 8G
 Pre-touch: Disabled
 Parallel Workers: 10
 Concurrent Workers: 3
 Concurrent Refinement Workers: 10
 Periodic GC: Disabled

Heap:
 garbage-first heap   total 2138112K, used 501903K [0x0000000600000000, 0x0000000800000000)
  region size 4096K, 6 young (24576K), 6 survivors (24576K)
 Metaspace       used 210302K, committed 213376K, reserved 1245184K
  class space    used 26498K, committed 27968K, reserved 1048576K

Heap Regions: E=young(eden), S=young(survivor), O=old, HS=humongous(starts), HC=humongous(continues), CS=collection set, F=free, TAMS=top-at-mark-start, PB=parsable bottom
|   0|0x0000000600000000, 0x0000000600400000, 0x0000000600400000|100%|HS|  |TAMS 0x0000000600400000| PB 0x0000000600000000| Complete 
|   1|0x0000000600400000, 0x0000000600800000, 0x0000000600800000|100%| O|  |TAMS 0x0000000600800000| PB 0x0000000600400000| Untracked 
|   2|0x0000000600800000, 0x0000000600c00000, 0x0000000600c00000|100%| O|  |TAMS 0x0000000600c00000| PB 0x0000000600800000| Untracked 
|   3|0x0000000600c00000, 0x0000000601000000, 0x0000000601000000|100%| O|  |TAMS 0x0000000601000000| PB 0x0000000600c00000| Untracked 
|   4|0x0000000601000000, 0x0000000601400000, 0x0000000601400000|100%| O|  |TAMS 0x0000000601400000| PB 0x0000000601000000| Untracked 
|   5|0x0000000601400000, 0x0000000601800000, 0x0000000601800000|100%| O|  |TAMS 0x0000000601800000| PB 0x0000000601400000| Untracked 
|   6|0x0000000601800000, 0x0000000601c00000, 0x0000000601c00000|100%| O|  |TAMS 0x0000000601c00000| PB 0x0000000601800000| Untracked 
|   7|0x0000000601c00000, 0x0000000602000000, 0x0000000602000000|100%| O|  |TAMS 0x0000000602000000| PB 0x0000000601c00000| Untracked 
|   8|0x0000000602000000, 0x0000000602000000, 0x0000000602400000|  0%| F|  |TAMS 0x0000000602000000| PB 0x0000000602000000| Untracked 
|   9|0x0000000602400000, 0x0000000602800000, 0x0000000602800000|100%| O|  |TAMS 0x0000000602800000| PB 0x0000000602400000| Untracked 
|  10|0x0000000602800000, 0x0000000602c00000, 0x0000000602c00000|100%| O|  |TAMS 0x0000000602c00000| PB 0x0000000602800000| Untracked 
|  11|0x0000000602c00000, 0x0000000603000000, 0x0000000603000000|100%| O|  |TAMS 0x0000000603000000| PB 0x0000000602c00000| Untracked 
|  12|0x0000000603000000, 0x0000000603400000, 0x0000000603400000|100%| O|  |TAMS 0x0000000603400000| PB 0x0000000603000000| Untracked 
|  13|0x0000000603400000, 0x0000000603800000, 0x0000000603800000|100%| O|  |TAMS 0x0000000603800000| PB 0x0000000603400000| Untracked 
|  14|0x0000000603800000, 0x0000000603c00000, 0x0000000603c00000|100%| O|  |TAMS 0x0000000603c00000| PB 0x0000000603800000| Untracked 
|  15|0x0000000603c00000, 0x0000000604000000, 0x0000000604000000|100%| O|  |TAMS 0x0000000604000000| PB 0x0000000603c00000| Untracked 
|  16|0x0000000604000000, 0x0000000604400000, 0x0000000604400000|100%| O|  |TAMS 0x0000000604400000| PB 0x0000000604000000| Untracked 
|  17|0x0000000604400000, 0x0000000604800000, 0x0000000604800000|100%| O|  |TAMS 0x0000000604800000| PB 0x0000000604400000| Untracked 
|  18|0x0000000604800000, 0x0000000604c00000, 0x0000000604c00000|100%| O|  |TAMS 0x0000000604c00000| PB 0x0000000604800000| Untracked 
|  19|0x0000000604c00000, 0x0000000605000000, 0x0000000605000000|100%| O|  |TAMS 0x0000000605000000| PB 0x0000000604c00000| Untracked 
|  20|0x0000000605000000, 0x0000000605400000, 0x0000000605400000|100%| O|  |TAMS 0x0000000605400000| PB 0x0000000605000000| Untracked 
|  21|0x0000000605400000, 0x0000000605800000, 0x0000000605800000|100%| O|  |TAMS 0x0000000605800000| PB 0x0000000605400000| Untracked 
|  22|0x0000000605800000, 0x0000000605c00000, 0x0000000605c00000|100%| O|  |TAMS 0x0000000605c00000| PB 0x0000000605800000| Untracked 
|  23|0x0000000605c00000, 0x0000000606000000, 0x0000000606000000|100%| O|  |TAMS 0x0000000606000000| PB 0x0000000605c00000| Untracked 
|  24|0x0000000606000000, 0x0000000606400000, 0x0000000606400000|100%| O|  |TAMS 0x0000000606400000| PB 0x0000000606000000| Untracked 
|  25|0x0000000606400000, 0x0000000606800000, 0x0000000606800000|100%| O|  |TAMS 0x0000000606800000| PB 0x0000000606400000| Untracked 
|  26|0x0000000606800000, 0x0000000606c00000, 0x0000000606c00000|100%| O|  |TAMS 0x0000000606c00000| PB 0x0000000606800000| Untracked 
|  27|0x0000000606c00000, 0x0000000607000000, 0x0000000607000000|100%| O|  |TAMS 0x0000000607000000| PB 0x0000000606c00000| Untracked 
|  28|0x0000000607000000, 0x0000000607400000, 0x0000000607400000|100%| O|  |TAMS 0x0000000607400000| PB 0x0000000607000000| Untracked 
|  29|0x0000000607400000, 0x0000000607800000, 0x0000000607800000|100%| O|  |TAMS 0x0000000607800000| PB 0x0000000607400000| Untracked 
|  30|0x0000000607800000, 0x0000000607c00000, 0x0000000607c00000|100%| O|  |TAMS 0x0000000607c00000| PB 0x0000000607800000| Untracked 
|  31|0x0000000607c00000, 0x0000000608000000, 0x0000000608000000|100%| O|  |TAMS 0x0000000608000000| PB 0x0000000607c00000| Untracked 
|  32|0x0000000608000000, 0x0000000608400000, 0x0000000608400000|100%| O|  |TAMS 0x0000000608400000| PB 0x0000000608000000| Untracked 
|  33|0x0000000608400000, 0x0000000608800000, 0x0000000608800000|100%| O|  |TAMS 0x0000000608800000| PB 0x0000000608400000| Untracked 
|  34|0x0000000608800000, 0x0000000608c00000, 0x0000000608c00000|100%| O|  |TAMS 0x0000000608c00000| PB 0x0000000608800000| Untracked 
|  35|0x0000000608c00000, 0x0000000609000000, 0x0000000609000000|100%| O|  |TAMS 0x0000000609000000| PB 0x0000000608c00000| Untracked 
|  36|0x0000000609000000, 0x0000000609400000, 0x0000000609400000|100%| O|  |TAMS 0x0000000609400000| PB 0x0000000609000000| Untracked 
|  37|0x0000000609400000, 0x0000000609800000, 0x0000000609800000|100%| O|  |TAMS 0x0000000609800000| PB 0x0000000609400000| Untracked 
|  38|0x0000000609800000, 0x0000000609c00000, 0x0000000609c00000|100%| O|  |TAMS 0x0000000609c00000| PB 0x0000000609800000| Untracked 
|  39|0x0000000609c00000, 0x000000060a000000, 0x000000060a000000|100%| O|  |TAMS 0x000000060a000000| PB 0x0000000609c00000| Untracked 
|  40|0x000000060a000000, 0x000000060a400000, 0x000000060a400000|100%| O|  |TAMS 0x000000060a400000| PB 0x000000060a000000| Untracked 
|  41|0x000000060a400000, 0x000000060a800000, 0x000000060a800000|100%| O|  |TAMS 0x000000060a800000| PB 0x000000060a400000| Untracked 
|  42|0x000000060a800000, 0x000000060ac00000, 0x000000060ac00000|100%| O|  |TAMS 0x000000060ac00000| PB 0x000000060a800000| Untracked 
|  43|0x000000060ac00000, 0x000000060b000000, 0x000000060b000000|100%| O|  |TAMS 0x000000060b000000| PB 0x000000060ac00000| Untracked 
|  44|0x000000060b000000, 0x000000060b400000, 0x000000060b400000|100%| O|  |TAMS 0x000000060b400000| PB 0x000000060b000000| Untracked 
|  45|0x000000060b400000, 0x000000060b800000, 0x000000060b800000|100%| O|  |TAMS 0x000000060b800000| PB 0x000000060b400000| Untracked 
|  46|0x000000060b800000, 0x000000060bc00000, 0x000000060bc00000|100%| O|  |TAMS 0x000000060bc00000| PB 0x000000060b800000| Untracked 
|  47|0x000000060bc00000, 0x000000060c000000, 0x000000060c000000|100%| O|  |TAMS 0x000000060c000000| PB 0x000000060bc00000| Untracked 
|  48|0x000000060c000000, 0x000000060c400000, 0x000000060c400000|100%| O|  |TAMS 0x000000060c400000| PB 0x000000060c000000| Untracked 
|  49|0x000000060c400000, 0x000000060c800000, 0x000000060c800000|100%| O|  |TAMS 0x000000060c800000| PB 0x000000060c400000| Untracked 
|  50|0x000000060c800000, 0x000000060cc00000, 0x000000060cc00000|100%| O|  |TAMS 0x000000060cc00000| PB 0x000000060c800000| Untracked 
|  51|0x000000060cc00000, 0x000000060d000000, 0x000000060d000000|100%| O|  |TAMS 0x000000060d000000| PB 0x000000060cc00000| Untracked 
|  52|0x000000060d000000, 0x000000060d400000, 0x000000060d400000|100%| O|  |TAMS 0x000000060d400000| PB 0x000000060d000000| Untracked 
|  53|0x000000060d400000, 0x000000060d800000, 0x000000060d800000|100%| O|  |TAMS 0x000000060d800000| PB 0x000000060d400000| Untracked 
|  54|0x000000060d800000, 0x000000060dc00000, 0x000000060dc00000|100%| O|  |TAMS 0x000000060dc00000| PB 0x000000060d800000| Untracked 
|  55|0x000000060dc00000, 0x000000060e000000, 0x000000060e000000|100%| O|  |TAMS 0x000000060e000000| PB 0x000000060dc00000| Untracked 
|  56|0x000000060e000000, 0x000000060e400000, 0x000000060e400000|100%| O|  |TAMS 0x000000060e400000| PB 0x000000060e000000| Untracked 
|  57|0x000000060e400000, 0x000000060e800000, 0x000000060e800000|100%| O|  |TAMS 0x000000060e800000| PB 0x000000060e400000| Untracked 
|  58|0x000000060e800000, 0x000000060ec00000, 0x000000060ec00000|100%| O|  |TAMS 0x000000060ec00000| PB 0x000000060e800000| Untracked 
|  59|0x000000060ec00000, 0x000000060f000000, 0x000000060f000000|100%| O|  |TAMS 0x000000060f000000| PB 0x000000060ec00000| Untracked 
|  60|0x000000060f000000, 0x000000060f400000, 0x000000060f400000|100%| O|  |TAMS 0x000000060f400000| PB 0x000000060f000000| Untracked 
|  61|0x000000060f400000, 0x000000060f800000, 0x000000060f800000|100%| O|  |TAMS 0x000000060f800000| PB 0x000000060f400000| Untracked 
|  62|0x000000060f800000, 0x000000060f800000, 0x000000060fc00000|  0%| F|  |TAMS 0x000000060f800000| PB 0x000000060f800000| Untracked 
|  63|0x000000060fc00000, 0x0000000610000000, 0x0000000610000000|100%| O|  |TAMS 0x0000000610000000| PB 0x000000060fc00000| Untracked 
|  64|0x0000000610000000, 0x0000000610400000, 0x0000000610400000|100%| O|  |TAMS 0x0000000610400000| PB 0x0000000610000000| Untracked 
|  65|0x0000000610400000, 0x0000000610800000, 0x0000000610800000|100%| O|  |TAMS 0x0000000610800000| PB 0x0000000610400000| Untracked 
|  66|0x0000000610800000, 0x0000000610c00000, 0x0000000610c00000|100%| O|  |TAMS 0x0000000610c00000| PB 0x0000000610800000| Untracked 
|  67|0x0000000610c00000, 0x0000000611000000, 0x0000000611000000|100%| O|  |TAMS 0x0000000611000000| PB 0x0000000610c00000| Untracked 
|  68|0x0000000611000000, 0x0000000611400000, 0x0000000611400000|100%| O|  |TAMS 0x0000000611400000| PB 0x0000000611000000| Untracked 
|  69|0x0000000611400000, 0x0000000611800000, 0x0000000611800000|100%| O|  |TAMS 0x0000000611800000| PB 0x0000000611400000| Untracked 
|  70|0x0000000611800000, 0x0000000611c00000, 0x0000000611c00000|100%| O|  |TAMS 0x0000000611c00000| PB 0x0000000611800000| Untracked 
|  71|0x0000000611c00000, 0x0000000612000000, 0x0000000612000000|100%| O|  |TAMS 0x0000000612000000| PB 0x0000000611c00000| Untracked 
|  72|0x0000000612000000, 0x0000000612400000, 0x0000000612400000|100%| O|  |TAMS 0x0000000612400000| PB 0x0000000612000000| Untracked 
|  73|0x0000000612400000, 0x0000000612800000, 0x0000000612800000|100%| O|  |TAMS 0x0000000612800000| PB 0x0000000612400000| Untracked 
|  74|0x0000000612800000, 0x0000000612c00000, 0x0000000612c00000|100%| O|  |TAMS 0x0000000612c00000| PB 0x0000000612800000| Untracked 
|  75|0x0000000612c00000, 0x0000000613000000, 0x0000000613000000|100%| O|  |TAMS 0x0000000613000000| PB 0x0000000612c00000| Untracked 
|  76|0x0000000613000000, 0x0000000613400000, 0x0000000613400000|100%| O|  |TAMS 0x0000000613400000| PB 0x0000000613000000| Untracked 
|  77|0x0000000613400000, 0x0000000613800000, 0x0000000613800000|100%| O|  |TAMS 0x0000000613800000| PB 0x0000000613400000| Untracked 
|  78|0x0000000613800000, 0x0000000613c00000, 0x0000000613c00000|100%| O|  |TAMS 0x0000000613c00000| PB 0x0000000613800000| Untracked 
|  79|0x0000000613c00000, 0x0000000614000000, 0x0000000614000000|100%| O|  |TAMS 0x0000000614000000| PB 0x0000000613c00000| Untracked 
|  80|0x0000000614000000, 0x0000000614400000, 0x0000000614400000|100%| O|  |TAMS 0x0000000614400000| PB 0x0000000614000000| Untracked 
|  81|0x0000000614400000, 0x0000000614800000, 0x0000000614800000|100%| O|  |TAMS 0x0000000614800000| PB 0x0000000614400000| Untracked 
|  82|0x0000000614800000, 0x0000000614c00000, 0x0000000614c00000|100%| O|  |TAMS 0x0000000614c00000| PB 0x0000000614800000| Untracked 
|  83|0x0000000614c00000, 0x0000000615000000, 0x0000000615000000|100%|HS|  |TAMS 0x0000000615000000| PB 0x0000000614c00000| Complete 
|  84|0x0000000615000000, 0x0000000615400000, 0x0000000615400000|100%|HS|  |TAMS 0x0000000615400000| PB 0x0000000615000000| Complete 
|  85|0x0000000615400000, 0x0000000615800000, 0x0000000615800000|100%|HC|  |TAMS 0x0000000615800000| PB 0x0000000615400000| Complete 
|  86|0x0000000615800000, 0x0000000615c00000, 0x0000000615c00000|100%| O|  |TAMS 0x0000000615c00000| PB 0x0000000615800000| Untracked 
|  87|0x0000000615c00000, 0x0000000616000000, 0x0000000616000000|100%| O|  |TAMS 0x0000000616000000| PB 0x0000000615c00000| Untracked 
|  88|0x0000000616000000, 0x0000000616400000, 0x0000000616400000|100%| O|  |TAMS 0x0000000616400000| PB 0x0000000616000000| Untracked 
|  89|0x0000000616400000, 0x0000000616800000, 0x0000000616800000|100%| O|  |TAMS 0x0000000616800000| PB 0x0000000616400000| Untracked 
|  90|0x0000000616800000, 0x0000000616c00000, 0x0000000616c00000|100%| O|  |TAMS 0x0000000616c00000| PB 0x0000000616800000| Untracked 
|  91|0x0000000616c00000, 0x0000000617000000, 0x0000000617000000|100%| O|  |TAMS 0x0000000617000000| PB 0x0000000616c00000| Untracked 
|  92|0x0000000617000000, 0x0000000617400000, 0x0000000617400000|100%| O|  |TAMS 0x0000000617400000| PB 0x0000000617000000| Untracked 
|  93|0x0000000617400000, 0x0000000617800000, 0x0000000617800000|100%| O|  |TAMS 0x0000000617800000| PB 0x0000000617400000| Untracked 
|  94|0x0000000617800000, 0x0000000617c00000, 0x0000000617c00000|100%| O|  |TAMS 0x0000000617c00000| PB 0x0000000617800000| Untracked 
|  95|0x0000000617c00000, 0x0000000618000000, 0x0000000618000000|100%| O|  |TAMS 0x0000000618000000| PB 0x0000000617c00000| Untracked 
|  96|0x0000000618000000, 0x0000000618400000, 0x0000000618400000|100%| O|  |TAMS 0x0000000618400000| PB 0x0000000618000000| Untracked 
|  97|0x0000000618400000, 0x0000000618400000, 0x0000000618800000|  0%| F|  |TAMS 0x0000000618400000| PB 0x0000000618400000| Untracked 
|  98|0x0000000618800000, 0x0000000618c00000, 0x0000000618c00000|100%| O|  |TAMS 0x0000000618c00000| PB 0x0000000618800000| Untracked 
|  99|0x0000000618c00000, 0x0000000619000000, 0x0000000619000000|100%| O|  |TAMS 0x0000000619000000| PB 0x0000000618c00000| Untracked 
| 100|0x0000000619000000, 0x0000000619400000, 0x0000000619400000|100%| O|  |TAMS 0x0000000619400000| PB 0x0000000619000000| Untracked 
| 101|0x0000000619400000, 0x0000000619800000, 0x0000000619800000|100%| O|  |TAMS 0x0000000619800000| PB 0x0000000619400000| Untracked 
| 102|0x0000000619800000, 0x0000000619c00000, 0x0000000619c00000|100%| O|  |TAMS 0x0000000619c00000| PB 0x0000000619800000| Untracked 
| 103|0x0000000619c00000, 0x000000061a000000, 0x000000061a000000|100%| O|  |TAMS 0x000000061a000000| PB 0x0000000619c00000| Untracked 
| 104|0x000000061a000000, 0x000000061a400000, 0x000000061a400000|100%| O|  |TAMS 0x000000061a400000| PB 0x000000061a000000| Untracked 
| 105|0x000000061a400000, 0x000000061a800000, 0x000000061a800000|100%| O|  |TAMS 0x000000061a800000| PB 0x000000061a400000| Untracked 
| 106|0x000000061a800000, 0x000000061ac00000, 0x000000061ac00000|100%| O|  |TAMS 0x000000061ac00000| PB 0x000000061a800000| Untracked 
| 107|0x000000061ac00000, 0x000000061b000000, 0x000000061b000000|100%| O|  |TAMS 0x000000061b000000| PB 0x000000061ac00000| Untracked 
| 108|0x000000061b000000, 0x000000061b400000, 0x000000061b400000|100%| O|  |TAMS 0x000000061b400000| PB 0x000000061b000000| Untracked 
| 109|0x000000061b400000, 0x000000061b800000, 0x000000061b800000|100%| O|  |TAMS 0x000000061b800000| PB 0x000000061b400000| Untracked 
| 110|0x000000061b800000, 0x000000061bc00000, 0x000000061bc00000|100%| O|  |TAMS 0x000000061bc00000| PB 0x000000061b800000| Untracked 
| 111|0x000000061bc00000, 0x000000061c000000, 0x000000061c000000|100%| O|  |TAMS 0x000000061c000000| PB 0x000000061bc00000| Untracked 
| 112|0x000000061c000000, 0x000000061c400000, 0x000000061c400000|100%| O|  |TAMS 0x000000061c400000| PB 0x000000061c000000| Untracked 
| 113|0x000000061c400000, 0x000000061c800000, 0x000000061c800000|100%| O|  |TAMS 0x000000061c800000| PB 0x000000061c400000| Untracked 
| 114|0x000000061c800000, 0x000000061cc00000, 0x000000061cc00000|100%| O|  |TAMS 0x000000061cc00000| PB 0x000000061c800000| Untracked 
| 115|0x000000061cc00000, 0x000000061d000000, 0x000000061d000000|100%| O|  |TAMS 0x000000061d000000| PB 0x000000061cc00000| Untracked 
| 116|0x000000061d000000, 0x000000061d400000, 0x000000061d400000|100%| O|  |TAMS 0x000000061d400000| PB 0x000000061d000000| Untracked 
| 117|0x000000061d400000, 0x000000061d800000, 0x000000061d800000|100%|HS|  |TAMS 0x000000061d800000| PB 0x000000061d400000| Complete 
| 118|0x000000061d800000, 0x000000061dc00000, 0x000000061dc00000|100%| O|  |TAMS 0x000000061dc00000| PB 0x000000061d800000| Untracked 
| 119|0x000000061dc00000, 0x000000061dcc7920, 0x000000061e000000| 19%| O|  |TAMS 0x000000061dcc7920| PB 0x000000061dc00000| Untracked 
| 120|0x000000061e000000, 0x000000061e000000, 0x000000061e400000|  0%| F|  |TAMS 0x000000061e000000| PB 0x000000061e000000| Untracked 
| 121|0x000000061e400000, 0x000000061e400000, 0x000000061e800000|  0%| F|  |TAMS 0x000000061e400000| PB 0x000000061e400000| Untracked 
| 122|0x000000061e800000, 0x000000061e800000, 0x000000061ec00000|  0%| F|  |TAMS 0x000000061e800000| PB 0x000000061e800000| Untracked 
| 123|0x000000061ec00000, 0x000000061ec00000, 0x000000061f000000|  0%| F|  |TAMS 0x000000061ec00000| PB 0x000000061ec00000| Untracked 
| 124|0x000000061f000000, 0x000000061f000000, 0x000000061f400000|  0%| F|  |TAMS 0x000000061f000000| PB 0x000000061f000000| Untracked 
| 125|0x000000061f400000, 0x000000061f400000, 0x000000061f800000|  0%| F|  |TAMS 0x000000061f400000| PB 0x000000061f400000| Untracked 
| 126|0x000000061f800000, 0x000000061f800000, 0x000000061fc00000|  0%| F|  |TAMS 0x000000061f800000| PB 0x000000061f800000| Untracked 
| 127|0x000000061fc00000, 0x000000061fc00000, 0x0000000620000000|  0%| F|  |TAMS 0x000000061fc00000| PB 0x000000061fc00000| Untracked 
| 128|0x0000000620000000, 0x0000000620000000, 0x0000000620400000|  0%| F|  |TAMS 0x0000000620000000| PB 0x0000000620000000| Untracked 
| 129|0x0000000620400000, 0x0000000620400000, 0x0000000620800000|  0%| F|  |TAMS 0x0000000620400000| PB 0x0000000620400000| Untracked 
| 130|0x0000000620800000, 0x0000000620800000, 0x0000000620c00000|  0%| F|  |TAMS 0x0000000620800000| PB 0x0000000620800000| Untracked 
| 131|0x0000000620c00000, 0x0000000620c00000, 0x0000000621000000|  0%| F|  |TAMS 0x0000000620c00000| PB 0x0000000620c00000| Untracked 
| 132|0x0000000621000000, 0x0000000621000000, 0x0000000621400000|  0%| F|  |TAMS 0x0000000621000000| PB 0x0000000621000000| Untracked 
| 133|0x0000000621400000, 0x0000000621400000, 0x0000000621800000|  0%| F|  |TAMS 0x0000000621400000| PB 0x0000000621400000| Untracked 
| 134|0x0000000621800000, 0x0000000621800000, 0x0000000621c00000|  0%| F|  |TAMS 0x0000000621800000| PB 0x0000000621800000| Untracked 
| 135|0x0000000621c00000, 0x0000000621c00000, 0x0000000622000000|  0%| F|  |TAMS 0x0000000621c00000| PB 0x0000000621c00000| Untracked 
| 136|0x0000000622000000, 0x0000000622000000, 0x0000000622400000|  0%| F|  |TAMS 0x0000000622000000| PB 0x0000000622000000| Untracked 
| 137|0x0000000622400000, 0x0000000622400000, 0x0000000622800000|  0%| F|  |TAMS 0x0000000622400000| PB 0x0000000622400000| Untracked 
| 138|0x0000000622800000, 0x0000000622800000, 0x0000000622c00000|  0%| F|  |TAMS 0x0000000622800000| PB 0x0000000622800000| Untracked 
| 139|0x0000000622c00000, 0x0000000622c00000, 0x0000000623000000|  0%| F|  |TAMS 0x0000000622c00000| PB 0x0000000622c00000| Untracked 
| 140|0x0000000623000000, 0x0000000623000000, 0x0000000623400000|  0%| F|  |TAMS 0x0000000623000000| PB 0x0000000623000000| Untracked 
| 141|0x0000000623400000, 0x0000000623400000, 0x0000000623800000|  0%| F|  |TAMS 0x0000000623400000| PB 0x0000000623400000| Untracked 
| 142|0x0000000623800000, 0x0000000623800000, 0x0000000623c00000|  0%| F|  |TAMS 0x0000000623800000| PB 0x0000000623800000| Untracked 
| 143|0x0000000623c00000, 0x0000000623c00000, 0x0000000624000000|  0%| F|  |TAMS 0x0000000623c00000| PB 0x0000000623c00000| Untracked 
| 144|0x0000000624000000, 0x0000000624000000, 0x0000000624400000|  0%| F|  |TAMS 0x0000000624000000| PB 0x0000000624000000| Untracked 
| 145|0x0000000624400000, 0x0000000624400000, 0x0000000624800000|  0%| F|  |TAMS 0x0000000624400000| PB 0x0000000624400000| Untracked 
| 146|0x0000000624800000, 0x0000000624800000, 0x0000000624c00000|  0%| F|  |TAMS 0x0000000624800000| PB 0x0000000624800000| Untracked 
| 147|0x0000000624c00000, 0x0000000624c00000, 0x0000000625000000|  0%| F|  |TAMS 0x0000000624c00000| PB 0x0000000624c00000| Untracked 
| 148|0x0000000625000000, 0x0000000625000000, 0x0000000625400000|  0%| F|  |TAMS 0x0000000625000000| PB 0x0000000625000000| Untracked 
| 149|0x0000000625400000, 0x0000000625400000, 0x0000000625800000|  0%| F|  |TAMS 0x0000000625400000| PB 0x0000000625400000| Untracked 
| 150|0x0000000625800000, 0x0000000625800000, 0x0000000625c00000|  0%| F|  |TAMS 0x0000000625800000| PB 0x0000000625800000| Untracked 
| 151|0x0000000625c00000, 0x0000000625c00000, 0x0000000626000000|  0%| F|  |TAMS 0x0000000625c00000| PB 0x0000000625c00000| Untracked 
| 152|0x0000000626000000, 0x0000000626000000, 0x0000000626400000|  0%| F|  |TAMS 0x0000000626000000| PB 0x0000000626000000| Untracked 
| 153|0x0000000626400000, 0x0000000626400000, 0x0000000626800000|  0%| F|  |TAMS 0x0000000626400000| PB 0x0000000626400000| Untracked 
| 154|0x0000000626800000, 0x0000000626800000, 0x0000000626c00000|  0%| F|  |TAMS 0x0000000626800000| PB 0x0000000626800000| Untracked 
| 155|0x0000000626c00000, 0x0000000626c00000, 0x0000000627000000|  0%| F|  |TAMS 0x0000000626c00000| PB 0x0000000626c00000| Untracked 
| 156|0x0000000627000000, 0x0000000627000000, 0x0000000627400000|  0%| F|  |TAMS 0x0000000627000000| PB 0x0000000627000000| Untracked 
| 157|0x0000000627400000, 0x0000000627400000, 0x0000000627800000|  0%| F|  |TAMS 0x0000000627400000| PB 0x0000000627400000| Untracked 
| 158|0x0000000627800000, 0x0000000627800000, 0x0000000627c00000|  0%| F|  |TAMS 0x0000000627800000| PB 0x0000000627800000| Untracked 
| 159|0x0000000627c00000, 0x0000000627c00000, 0x0000000628000000|  0%| F|  |TAMS 0x0000000627c00000| PB 0x0000000627c00000| Untracked 
| 160|0x0000000628000000, 0x0000000628000000, 0x0000000628400000|  0%| F|  |TAMS 0x0000000628000000| PB 0x0000000628000000| Untracked 
| 161|0x0000000628400000, 0x0000000628400000, 0x0000000628800000|  0%| F|  |TAMS 0x0000000628400000| PB 0x0000000628400000| Untracked 
| 162|0x0000000628800000, 0x0000000628800000, 0x0000000628c00000|  0%| F|  |TAMS 0x0000000628800000| PB 0x0000000628800000| Untracked 
| 163|0x0000000628c00000, 0x0000000628c00000, 0x0000000629000000|  0%| F|  |TAMS 0x0000000628c00000| PB 0x0000000628c00000| Untracked 
| 164|0x0000000629000000, 0x0000000629000000, 0x0000000629400000|  0%| F|  |TAMS 0x0000000629000000| PB 0x0000000629000000| Untracked 
| 165|0x0000000629400000, 0x0000000629400000, 0x0000000629800000|  0%| F|  |TAMS 0x0000000629400000| PB 0x0000000629400000| Untracked 
| 166|0x0000000629800000, 0x0000000629800000, 0x0000000629c00000|  0%| F|  |TAMS 0x0000000629800000| PB 0x0000000629800000| Untracked 
| 167|0x0000000629c00000, 0x0000000629c00000, 0x000000062a000000|  0%| F|  |TAMS 0x0000000629c00000| PB 0x0000000629c00000| Untracked 
| 168|0x000000062a000000, 0x000000062a000000, 0x000000062a400000|  0%| F|  |TAMS 0x000000062a000000| PB 0x000000062a000000| Untracked 
| 169|0x000000062a400000, 0x000000062a400000, 0x000000062a800000|  0%| F|  |TAMS 0x000000062a400000| PB 0x000000062a400000| Untracked 
| 170|0x000000062a800000, 0x000000062a800000, 0x000000062ac00000|  0%| F|  |TAMS 0x000000062a800000| PB 0x000000062a800000| Untracked 
| 171|0x000000062ac00000, 0x000000062ac00000, 0x000000062b000000|  0%| F|  |TAMS 0x000000062ac00000| PB 0x000000062ac00000| Untracked 
| 172|0x000000062b000000, 0x000000062b000000, 0x000000062b400000|  0%| F|  |TAMS 0x000000062b000000| PB 0x000000062b000000| Untracked 
| 173|0x000000062b400000, 0x000000062b400000, 0x000000062b800000|  0%| F|  |TAMS 0x000000062b400000| PB 0x000000062b400000| Untracked 
| 174|0x000000062b800000, 0x000000062b800000, 0x000000062bc00000|  0%| F|  |TAMS 0x000000062b800000| PB 0x000000062b800000| Untracked 
| 175|0x000000062bc00000, 0x000000062bc00000, 0x000000062c000000|  0%| F|  |TAMS 0x000000062bc00000| PB 0x000000062bc00000| Untracked 
| 176|0x000000062c000000, 0x000000062c000000, 0x000000062c400000|  0%| F|  |TAMS 0x000000062c000000| PB 0x000000062c000000| Untracked 
| 177|0x000000062c400000, 0x000000062c400000, 0x000000062c800000|  0%| F|  |TAMS 0x000000062c400000| PB 0x000000062c400000| Untracked 
| 178|0x000000062c800000, 0x000000062c800000, 0x000000062cc00000|  0%| F|  |TAMS 0x000000062c800000| PB 0x000000062c800000| Untracked 
| 179|0x000000062cc00000, 0x000000062cc00000, 0x000000062d000000|  0%| F|  |TAMS 0x000000062cc00000| PB 0x000000062cc00000| Untracked 
| 180|0x000000062d000000, 0x000000062d000000, 0x000000062d400000|  0%| F|  |TAMS 0x000000062d000000| PB 0x000000062d000000| Untracked 
| 181|0x000000062d400000, 0x000000062d400000, 0x000000062d800000|  0%| F|  |TAMS 0x000000062d400000| PB 0x000000062d400000| Untracked 
| 182|0x000000062d800000, 0x000000062d800000, 0x000000062dc00000|  0%| F|  |TAMS 0x000000062d800000| PB 0x000000062d800000| Untracked 
| 183|0x000000062dc00000, 0x000000062dc00000, 0x000000062e000000|  0%| F|  |TAMS 0x000000062dc00000| PB 0x000000062dc00000| Untracked 
| 184|0x000000062e000000, 0x000000062e000000, 0x000000062e400000|  0%| F|  |TAMS 0x000000062e000000| PB 0x000000062e000000| Untracked 
| 185|0x000000062e400000, 0x000000062e400000, 0x000000062e800000|  0%| F|  |TAMS 0x000000062e400000| PB 0x000000062e400000| Untracked 
| 186|0x000000062e800000, 0x000000062e800000, 0x000000062ec00000|  0%| F|  |TAMS 0x000000062e800000| PB 0x000000062e800000| Untracked 
| 187|0x000000062ec00000, 0x000000062ec00000, 0x000000062f000000|  0%| F|  |TAMS 0x000000062ec00000| PB 0x000000062ec00000| Untracked 
| 188|0x000000062f000000, 0x000000062f000000, 0x000000062f400000|  0%| F|  |TAMS 0x000000062f000000| PB 0x000000062f000000| Untracked 
| 189|0x000000062f400000, 0x000000062f400000, 0x000000062f800000|  0%| F|  |TAMS 0x000000062f400000| PB 0x000000062f400000| Untracked 
| 190|0x000000062f800000, 0x000000062f800000, 0x000000062fc00000|  0%| F|  |TAMS 0x000000062f800000| PB 0x000000062f800000| Untracked 
| 191|0x000000062fc00000, 0x000000062fc00000, 0x0000000630000000|  0%| F|  |TAMS 0x000000062fc00000| PB 0x000000062fc00000| Untracked 
| 192|0x0000000630000000, 0x0000000630000000, 0x0000000630400000|  0%| F|  |TAMS 0x0000000630000000| PB 0x0000000630000000| Untracked 
| 193|0x0000000630400000, 0x0000000630400000, 0x0000000630800000|  0%| F|  |TAMS 0x0000000630400000| PB 0x0000000630400000| Untracked 
| 194|0x0000000630800000, 0x0000000630800000, 0x0000000630c00000|  0%| F|  |TAMS 0x0000000630800000| PB 0x0000000630800000| Untracked 
| 195|0x0000000630c00000, 0x0000000630c00000, 0x0000000631000000|  0%| F|  |TAMS 0x0000000630c00000| PB 0x0000000630c00000| Untracked 
| 196|0x0000000631000000, 0x0000000631000000, 0x0000000631400000|  0%| F|  |TAMS 0x0000000631000000| PB 0x0000000631000000| Untracked 
| 197|0x0000000631400000, 0x0000000631400000, 0x0000000631800000|  0%| F|  |TAMS 0x0000000631400000| PB 0x0000000631400000| Untracked 
| 198|0x0000000631800000, 0x0000000631800000, 0x0000000631c00000|  0%| F|  |TAMS 0x0000000631800000| PB 0x0000000631800000| Untracked 
| 199|0x0000000631c00000, 0x0000000631c00000, 0x0000000632000000|  0%| F|  |TAMS 0x0000000631c00000| PB 0x0000000631c00000| Untracked 
| 200|0x0000000632000000, 0x0000000632000000, 0x0000000632400000|  0%| F|  |TAMS 0x0000000632000000| PB 0x0000000632000000| Untracked 
| 201|0x0000000632400000, 0x0000000632400000, 0x0000000632800000|  0%| F|  |TAMS 0x0000000632400000| PB 0x0000000632400000| Untracked 
| 202|0x0000000632800000, 0x0000000632800000, 0x0000000632c00000|  0%| F|  |TAMS 0x0000000632800000| PB 0x0000000632800000| Untracked 
| 203|0x0000000632c00000, 0x0000000632c00000, 0x0000000633000000|  0%| F|  |TAMS 0x0000000632c00000| PB 0x0000000632c00000| Untracked 
| 204|0x0000000633000000, 0x0000000633000000, 0x0000000633400000|  0%| F|  |TAMS 0x0000000633000000| PB 0x0000000633000000| Untracked 
| 205|0x0000000633400000, 0x0000000633400000, 0x0000000633800000|  0%| F|  |TAMS 0x0000000633400000| PB 0x0000000633400000| Untracked 
| 206|0x0000000633800000, 0x0000000633800000, 0x0000000633c00000|  0%| F|  |TAMS 0x0000000633800000| PB 0x0000000633800000| Untracked 
| 207|0x0000000633c00000, 0x0000000633c00000, 0x0000000634000000|  0%| F|  |TAMS 0x0000000633c00000| PB 0x0000000633c00000| Untracked 
| 208|0x0000000634000000, 0x000000063415c2e0, 0x0000000634400000| 34%| S|CS|TAMS 0x0000000634000000| PB 0x0000000634000000| Complete 
| 209|0x0000000634400000, 0x0000000634800000, 0x0000000634800000|100%| S|CS|TAMS 0x0000000634400000| PB 0x0000000634400000| Complete 
| 210|0x0000000634800000, 0x0000000634c00000, 0x0000000634c00000|100%| S|CS|TAMS 0x0000000634800000| PB 0x0000000634800000| Complete 
| 211|0x0000000634c00000, 0x0000000635000000, 0x0000000635000000|100%| S|CS|TAMS 0x0000000634c00000| PB 0x0000000634c00000| Complete 
| 212|0x0000000635000000, 0x0000000635400000, 0x0000000635400000|100%| S|CS|TAMS 0x0000000635000000| PB 0x0000000635000000| Complete 
| 213|0x0000000635400000, 0x0000000635800000, 0x0000000635800000|100%| S|CS|TAMS 0x0000000635400000| PB 0x0000000635400000| Complete 
| 214|0x0000000635800000, 0x0000000635800000, 0x0000000635c00000|  0%| F|  |TAMS 0x0000000635800000| PB 0x0000000635800000| Untracked 
| 215|0x0000000635c00000, 0x0000000635c00000, 0x0000000636000000|  0%| F|  |TAMS 0x0000000635c00000| PB 0x0000000635c00000| Untracked 
| 216|0x0000000636000000, 0x0000000636000000, 0x0000000636400000|  0%| F|  |TAMS 0x0000000636000000| PB 0x0000000636000000| Untracked 
| 217|0x0000000636400000, 0x0000000636400000, 0x0000000636800000|  0%| F|  |TAMS 0x0000000636400000| PB 0x0000000636400000| Untracked 
| 218|0x0000000636800000, 0x0000000636800000, 0x0000000636c00000|  0%| F|  |TAMS 0x0000000636800000| PB 0x0000000636800000| Untracked 
| 219|0x0000000636c00000, 0x0000000636c00000, 0x0000000637000000|  0%| F|  |TAMS 0x0000000636c00000| PB 0x0000000636c00000| Untracked 
| 220|0x0000000637000000, 0x0000000637000000, 0x0000000637400000|  0%| F|  |TAMS 0x0000000637000000| PB 0x0000000637000000| Untracked 
| 221|0x0000000637400000, 0x0000000637400000, 0x0000000637800000|  0%| F|  |TAMS 0x0000000637400000| PB 0x0000000637400000| Untracked 
| 222|0x0000000637800000, 0x0000000637800000, 0x0000000637c00000|  0%| F|  |TAMS 0x0000000637800000| PB 0x0000000637800000| Untracked 
| 223|0x0000000637c00000, 0x0000000637c00000, 0x0000000638000000|  0%| F|  |TAMS 0x0000000637c00000| PB 0x0000000637c00000| Untracked 
| 224|0x0000000638000000, 0x0000000638000000, 0x0000000638400000|  0%| F|  |TAMS 0x0000000638000000| PB 0x0000000638000000| Untracked 
| 225|0x0000000638400000, 0x0000000638400000, 0x0000000638800000|  0%| F|  |TAMS 0x0000000638400000| PB 0x0000000638400000| Untracked 
| 226|0x0000000638800000, 0x0000000638800000, 0x0000000638c00000|  0%| F|  |TAMS 0x0000000638800000| PB 0x0000000638800000| Untracked 
| 227|0x0000000638c00000, 0x0000000638c00000, 0x0000000639000000|  0%| F|  |TAMS 0x0000000638c00000| PB 0x0000000638c00000| Untracked 
| 228|0x0000000639000000, 0x0000000639000000, 0x0000000639400000|  0%| F|  |TAMS 0x0000000639000000| PB 0x0000000639000000| Untracked 
| 229|0x0000000639400000, 0x0000000639400000, 0x0000000639800000|  0%| F|  |TAMS 0x0000000639400000| PB 0x0000000639400000| Untracked 
| 230|0x0000000639800000, 0x0000000639800000, 0x0000000639c00000|  0%| F|  |TAMS 0x0000000639800000| PB 0x0000000639800000| Untracked 
| 231|0x0000000639c00000, 0x0000000639c00000, 0x000000063a000000|  0%| F|  |TAMS 0x0000000639c00000| PB 0x0000000639c00000| Untracked 
| 232|0x000000063a000000, 0x000000063a000000, 0x000000063a400000|  0%| F|  |TAMS 0x000000063a000000| PB 0x000000063a000000| Untracked 
| 233|0x000000063a400000, 0x000000063a400000, 0x000000063a800000|  0%| F|  |TAMS 0x000000063a400000| PB 0x000000063a400000| Untracked 
| 234|0x000000063a800000, 0x000000063a800000, 0x000000063ac00000|  0%| F|  |TAMS 0x000000063a800000| PB 0x000000063a800000| Untracked 
| 235|0x000000063ac00000, 0x000000063ac00000, 0x000000063b000000|  0%| F|  |TAMS 0x000000063ac00000| PB 0x000000063ac00000| Untracked 
| 236|0x000000063b000000, 0x000000063b000000, 0x000000063b400000|  0%| F|  |TAMS 0x000000063b000000| PB 0x000000063b000000| Untracked 
| 237|0x000000063b400000, 0x000000063b400000, 0x000000063b800000|  0%| F|  |TAMS 0x000000063b400000| PB 0x000000063b400000| Untracked 
| 238|0x000000063b800000, 0x000000063b800000, 0x000000063bc00000|  0%| F|  |TAMS 0x000000063b800000| PB 0x000000063b800000| Untracked 
| 239|0x000000063bc00000, 0x000000063bc00000, 0x000000063c000000|  0%| F|  |TAMS 0x000000063bc00000| PB 0x000000063bc00000| Untracked 
| 240|0x000000063c000000, 0x000000063c000000, 0x000000063c400000|  0%| F|  |TAMS 0x000000063c000000| PB 0x000000063c000000| Untracked 
| 241|0x000000063c400000, 0x000000063c400000, 0x000000063c800000|  0%| F|  |TAMS 0x000000063c400000| PB 0x000000063c400000| Untracked 
| 242|0x000000063c800000, 0x000000063c800000, 0x000000063cc00000|  0%| F|  |TAMS 0x000000063c800000| PB 0x000000063c800000| Untracked 
| 243|0x000000063cc00000, 0x000000063cc00000, 0x000000063d000000|  0%| F|  |TAMS 0x000000063cc00000| PB 0x000000063cc00000| Untracked 
| 244|0x000000063d000000, 0x000000063d000000, 0x000000063d400000|  0%| F|  |TAMS 0x000000063d000000| PB 0x000000063d000000| Untracked 
| 245|0x000000063d400000, 0x000000063d400000, 0x000000063d800000|  0%| F|  |TAMS 0x000000063d400000| PB 0x000000063d400000| Untracked 
| 246|0x000000063d800000, 0x000000063d800000, 0x000000063dc00000|  0%| F|  |TAMS 0x000000063d800000| PB 0x000000063d800000| Untracked 
| 247|0x000000063dc00000, 0x000000063dc00000, 0x000000063e000000|  0%| F|  |TAMS 0x000000063dc00000| PB 0x000000063dc00000| Untracked 
| 248|0x000000063e000000, 0x000000063e000000, 0x000000063e400000|  0%| F|  |TAMS 0x000000063e000000| PB 0x000000063e000000| Untracked 
| 249|0x000000063e400000, 0x000000063e400000, 0x000000063e800000|  0%| F|  |TAMS 0x000000063e400000| PB 0x000000063e400000| Untracked 
| 250|0x000000063e800000, 0x000000063e800000, 0x000000063ec00000|  0%| F|  |TAMS 0x000000063e800000| PB 0x000000063e800000| Untracked 
| 251|0x000000063ec00000, 0x000000063ec00000, 0x000000063f000000|  0%| F|  |TAMS 0x000000063ec00000| PB 0x000000063ec00000| Untracked 
| 252|0x000000063f000000, 0x000000063f000000, 0x000000063f400000|  0%| F|  |TAMS 0x000000063f000000| PB 0x000000063f000000| Untracked 
| 253|0x000000063f400000, 0x000000063f400000, 0x000000063f800000|  0%| F|  |TAMS 0x000000063f400000| PB 0x000000063f400000| Untracked 
| 254|0x000000063f800000, 0x000000063f800000, 0x000000063fc00000|  0%| F|  |TAMS 0x000000063f800000| PB 0x000000063f800000| Untracked 
| 255|0x000000063fc00000, 0x000000063fc00000, 0x0000000640000000|  0%| F|  |TAMS 0x000000063fc00000| PB 0x000000063fc00000| Untracked 
| 256|0x0000000640000000, 0x0000000640000000, 0x0000000640400000|  0%| F|  |TAMS 0x0000000640000000| PB 0x0000000640000000| Untracked 
| 257|0x0000000640400000, 0x0000000640400000, 0x0000000640800000|  0%| F|  |TAMS 0x0000000640400000| PB 0x0000000640400000| Untracked 
| 258|0x0000000640800000, 0x0000000640800000, 0x0000000640c00000|  0%| F|  |TAMS 0x0000000640800000| PB 0x0000000640800000| Untracked 
| 259|0x0000000640c00000, 0x0000000640c00000, 0x0000000641000000|  0%| F|  |TAMS 0x0000000640c00000| PB 0x0000000640c00000| Untracked 
| 260|0x0000000641000000, 0x0000000641000000, 0x0000000641400000|  0%| F|  |TAMS 0x0000000641000000| PB 0x0000000641000000| Untracked 
| 261|0x0000000641400000, 0x0000000641400000, 0x0000000641800000|  0%| F|  |TAMS 0x0000000641400000| PB 0x0000000641400000| Untracked 
| 262|0x0000000641800000, 0x0000000641800000, 0x0000000641c00000|  0%| F|  |TAMS 0x0000000641800000| PB 0x0000000641800000| Untracked 
| 263|0x0000000641c00000, 0x0000000641c00000, 0x0000000642000000|  0%| F|  |TAMS 0x0000000641c00000| PB 0x0000000641c00000| Untracked 
| 264|0x0000000642000000, 0x0000000642000000, 0x0000000642400000|  0%| F|  |TAMS 0x0000000642000000| PB 0x0000000642000000| Untracked 
| 265|0x0000000642400000, 0x0000000642400000, 0x0000000642800000|  0%| F|  |TAMS 0x0000000642400000| PB 0x0000000642400000| Untracked 
| 266|0x0000000642800000, 0x0000000642800000, 0x0000000642c00000|  0%| F|  |TAMS 0x0000000642800000| PB 0x0000000642800000| Untracked 
| 267|0x0000000642c00000, 0x0000000642c00000, 0x0000000643000000|  0%| F|  |TAMS 0x0000000642c00000| PB 0x0000000642c00000| Untracked 
| 268|0x0000000643000000, 0x0000000643000000, 0x0000000643400000|  0%| F|  |TAMS 0x0000000643000000| PB 0x0000000643000000| Untracked 
| 269|0x0000000643400000, 0x0000000643400000, 0x0000000643800000|  0%| F|  |TAMS 0x0000000643400000| PB 0x0000000643400000| Untracked 
| 270|0x0000000643800000, 0x0000000643800000, 0x0000000643c00000|  0%| F|  |TAMS 0x0000000643800000| PB 0x0000000643800000| Untracked 
| 271|0x0000000643c00000, 0x0000000643c00000, 0x0000000644000000|  0%| F|  |TAMS 0x0000000643c00000| PB 0x0000000643c00000| Untracked 
| 272|0x0000000644000000, 0x0000000644000000, 0x0000000644400000|  0%| F|  |TAMS 0x0000000644000000| PB 0x0000000644000000| Untracked 
| 273|0x0000000644400000, 0x0000000644400000, 0x0000000644800000|  0%| F|  |TAMS 0x0000000644400000| PB 0x0000000644400000| Untracked 
| 274|0x0000000644800000, 0x0000000644800000, 0x0000000644c00000|  0%| F|  |TAMS 0x0000000644800000| PB 0x0000000644800000| Untracked 
| 275|0x0000000644c00000, 0x0000000644c00000, 0x0000000645000000|  0%| F|  |TAMS 0x0000000644c00000| PB 0x0000000644c00000| Untracked 
| 276|0x0000000645000000, 0x0000000645000000, 0x0000000645400000|  0%| F|  |TAMS 0x0000000645000000| PB 0x0000000645000000| Untracked 
| 277|0x0000000645400000, 0x0000000645400000, 0x0000000645800000|  0%| F|  |TAMS 0x0000000645400000| PB 0x0000000645400000| Untracked 
| 278|0x0000000645800000, 0x0000000645800000, 0x0000000645c00000|  0%| F|  |TAMS 0x0000000645800000| PB 0x0000000645800000| Untracked 
| 279|0x0000000645c00000, 0x0000000645c00000, 0x0000000646000000|  0%| F|  |TAMS 0x0000000645c00000| PB 0x0000000645c00000| Untracked 
| 280|0x0000000646000000, 0x0000000646000000, 0x0000000646400000|  0%| F|  |TAMS 0x0000000646000000| PB 0x0000000646000000| Untracked 
| 281|0x0000000646400000, 0x0000000646400000, 0x0000000646800000|  0%| F|  |TAMS 0x0000000646400000| PB 0x0000000646400000| Untracked 
| 282|0x0000000646800000, 0x0000000646800000, 0x0000000646c00000|  0%| F|  |TAMS 0x0000000646800000| PB 0x0000000646800000| Untracked 
| 283|0x0000000646c00000, 0x0000000646c00000, 0x0000000647000000|  0%| F|  |TAMS 0x0000000646c00000| PB 0x0000000646c00000| Untracked 
| 284|0x0000000647000000, 0x0000000647000000, 0x0000000647400000|  0%| F|  |TAMS 0x0000000647000000| PB 0x0000000647000000| Untracked 
| 285|0x0000000647400000, 0x0000000647400000, 0x0000000647800000|  0%| F|  |TAMS 0x0000000647400000| PB 0x0000000647400000| Untracked 
| 286|0x0000000647800000, 0x0000000647800000, 0x0000000647c00000|  0%| F|  |TAMS 0x0000000647800000| PB 0x0000000647800000| Untracked 
| 287|0x0000000647c00000, 0x0000000647c00000, 0x0000000648000000|  0%| F|  |TAMS 0x0000000647c00000| PB 0x0000000647c00000| Untracked 
| 288|0x0000000648000000, 0x0000000648000000, 0x0000000648400000|  0%| F|  |TAMS 0x0000000648000000| PB 0x0000000648000000| Untracked 
| 289|0x0000000648400000, 0x0000000648400000, 0x0000000648800000|  0%| F|  |TAMS 0x0000000648400000| PB 0x0000000648400000| Untracked 
| 290|0x0000000648800000, 0x0000000648800000, 0x0000000648c00000|  0%| F|  |TAMS 0x0000000648800000| PB 0x0000000648800000| Untracked 
| 291|0x0000000648c00000, 0x0000000648c00000, 0x0000000649000000|  0%| F|  |TAMS 0x0000000648c00000| PB 0x0000000648c00000| Untracked 
| 292|0x0000000649000000, 0x0000000649000000, 0x0000000649400000|  0%| F|  |TAMS 0x0000000649000000| PB 0x0000000649000000| Untracked 
| 293|0x0000000649400000, 0x0000000649400000, 0x0000000649800000|  0%| F|  |TAMS 0x0000000649400000| PB 0x0000000649400000| Untracked 
| 294|0x0000000649800000, 0x0000000649800000, 0x0000000649c00000|  0%| F|  |TAMS 0x0000000649800000| PB 0x0000000649800000| Untracked 
| 295|0x0000000649c00000, 0x0000000649c00000, 0x000000064a000000|  0%| F|  |TAMS 0x0000000649c00000| PB 0x0000000649c00000| Untracked 
| 296|0x000000064a000000, 0x000000064a000000, 0x000000064a400000|  0%| F|  |TAMS 0x000000064a000000| PB 0x000000064a000000| Untracked 
| 297|0x000000064a400000, 0x000000064a400000, 0x000000064a800000|  0%| F|  |TAMS 0x000000064a400000| PB 0x000000064a400000| Untracked 
| 298|0x000000064a800000, 0x000000064a800000, 0x000000064ac00000|  0%| F|  |TAMS 0x000000064a800000| PB 0x000000064a800000| Untracked 
| 299|0x000000064ac00000, 0x000000064ac00000, 0x000000064b000000|  0%| F|  |TAMS 0x000000064ac00000| PB 0x000000064ac00000| Untracked 
| 300|0x000000064b000000, 0x000000064b000000, 0x000000064b400000|  0%| F|  |TAMS 0x000000064b000000| PB 0x000000064b000000| Untracked 
| 301|0x000000064b400000, 0x000000064b400000, 0x000000064b800000|  0%| F|  |TAMS 0x000000064b400000| PB 0x000000064b400000| Untracked 
| 302|0x000000064b800000, 0x000000064b800000, 0x000000064bc00000|  0%| F|  |TAMS 0x000000064b800000| PB 0x000000064b800000| Untracked 
| 303|0x000000064bc00000, 0x000000064bc00000, 0x000000064c000000|  0%| F|  |TAMS 0x000000064bc00000| PB 0x000000064bc00000| Untracked 
| 304|0x000000064c000000, 0x000000064c000000, 0x000000064c400000|  0%| F|  |TAMS 0x000000064c000000| PB 0x000000064c000000| Untracked 
| 305|0x000000064c400000, 0x000000064c400000, 0x000000064c800000|  0%| F|  |TAMS 0x000000064c400000| PB 0x000000064c400000| Untracked 
| 306|0x000000064c800000, 0x000000064c800000, 0x000000064cc00000|  0%| F|  |TAMS 0x000000064c800000| PB 0x000000064c800000| Untracked 
| 307|0x000000064cc00000, 0x000000064cc00000, 0x000000064d000000|  0%| F|  |TAMS 0x000000064cc00000| PB 0x000000064cc00000| Untracked 
| 308|0x000000064d000000, 0x000000064d000000, 0x000000064d400000|  0%| F|  |TAMS 0x000000064d000000| PB 0x000000064d000000| Untracked 
| 309|0x000000064d400000, 0x000000064d400000, 0x000000064d800000|  0%| F|  |TAMS 0x000000064d400000| PB 0x000000064d400000| Untracked 
| 310|0x000000064d800000, 0x000000064d800000, 0x000000064dc00000|  0%| F|  |TAMS 0x000000064d800000| PB 0x000000064d800000| Untracked 
| 311|0x000000064dc00000, 0x000000064dc00000, 0x000000064e000000|  0%| F|  |TAMS 0x000000064dc00000| PB 0x000000064dc00000| Untracked 
| 312|0x000000064e000000, 0x000000064e000000, 0x000000064e400000|  0%| F|  |TAMS 0x000000064e000000| PB 0x000000064e000000| Untracked 
| 313|0x000000064e400000, 0x000000064e400000, 0x000000064e800000|  0%| F|  |TAMS 0x000000064e400000| PB 0x000000064e400000| Untracked 
| 314|0x000000064e800000, 0x000000064e800000, 0x000000064ec00000|  0%| F|  |TAMS 0x000000064e800000| PB 0x000000064e800000| Untracked 
| 315|0x000000064ec00000, 0x000000064ec00000, 0x000000064f000000|  0%| F|  |TAMS 0x000000064ec00000| PB 0x000000064ec00000| Untracked 
| 316|0x000000064f000000, 0x000000064f000000, 0x000000064f400000|  0%| F|  |TAMS 0x000000064f000000| PB 0x000000064f000000| Untracked 
| 317|0x000000064f400000, 0x000000064f400000, 0x000000064f800000|  0%| F|  |TAMS 0x000000064f400000| PB 0x000000064f400000| Untracked 
| 318|0x000000064f800000, 0x000000064f800000, 0x000000064fc00000|  0%| F|  |TAMS 0x000000064f800000| PB 0x000000064f800000| Untracked 
| 319|0x000000064fc00000, 0x000000064fc00000, 0x0000000650000000|  0%| F|  |TAMS 0x000000064fc00000| PB 0x000000064fc00000| Untracked 
| 320|0x0000000650000000, 0x0000000650000000, 0x0000000650400000|  0%| F|  |TAMS 0x0000000650000000| PB 0x0000000650000000| Untracked 
| 321|0x0000000650400000, 0x0000000650400000, 0x0000000650800000|  0%| F|  |TAMS 0x0000000650400000| PB 0x0000000650400000| Untracked 
| 322|0x0000000650800000, 0x0000000650800000, 0x0000000650c00000|  0%| F|  |TAMS 0x0000000650800000| PB 0x0000000650800000| Untracked 
| 323|0x0000000650c00000, 0x0000000650c00000, 0x0000000651000000|  0%| F|  |TAMS 0x0000000650c00000| PB 0x0000000650c00000| Untracked 
| 324|0x0000000651000000, 0x0000000651000000, 0x0000000651400000|  0%| F|  |TAMS 0x0000000651000000| PB 0x0000000651000000| Untracked 
| 325|0x0000000651400000, 0x0000000651400000, 0x0000000651800000|  0%| F|  |TAMS 0x0000000651400000| PB 0x0000000651400000| Untracked 
| 326|0x0000000651800000, 0x0000000651800000, 0x0000000651c00000|  0%| F|  |TAMS 0x0000000651800000| PB 0x0000000651800000| Untracked 
| 327|0x0000000651c00000, 0x0000000651c00000, 0x0000000652000000|  0%| F|  |TAMS 0x0000000651c00000| PB 0x0000000651c00000| Untracked 
| 328|0x0000000652000000, 0x0000000652000000, 0x0000000652400000|  0%| F|  |TAMS 0x0000000652000000| PB 0x0000000652000000| Untracked 
| 329|0x0000000652400000, 0x0000000652400000, 0x0000000652800000|  0%| F|  |TAMS 0x0000000652400000| PB 0x0000000652400000| Untracked 
| 330|0x0000000652800000, 0x0000000652800000, 0x0000000652c00000|  0%| F|  |TAMS 0x0000000652800000| PB 0x0000000652800000| Untracked 
| 331|0x0000000652c00000, 0x0000000652c00000, 0x0000000653000000|  0%| F|  |TAMS 0x0000000652c00000| PB 0x0000000652c00000| Untracked 
| 332|0x0000000653000000, 0x0000000653000000, 0x0000000653400000|  0%| F|  |TAMS 0x0000000653000000| PB 0x0000000653000000| Untracked 
| 333|0x0000000653400000, 0x0000000653400000, 0x0000000653800000|  0%| F|  |TAMS 0x0000000653400000| PB 0x0000000653400000| Untracked 
| 334|0x0000000653800000, 0x0000000653800000, 0x0000000653c00000|  0%| F|  |TAMS 0x0000000653800000| PB 0x0000000653800000| Untracked 
| 335|0x0000000653c00000, 0x0000000653c00000, 0x0000000654000000|  0%| F|  |TAMS 0x0000000653c00000| PB 0x0000000653c00000| Untracked 
| 336|0x0000000654000000, 0x0000000654000000, 0x0000000654400000|  0%| F|  |TAMS 0x0000000654000000| PB 0x0000000654000000| Untracked 
| 337|0x0000000654400000, 0x0000000654400000, 0x0000000654800000|  0%| F|  |TAMS 0x0000000654400000| PB 0x0000000654400000| Untracked 
| 338|0x0000000654800000, 0x0000000654800000, 0x0000000654c00000|  0%| F|  |TAMS 0x0000000654800000| PB 0x0000000654800000| Untracked 
| 339|0x0000000654c00000, 0x0000000654c00000, 0x0000000655000000|  0%| F|  |TAMS 0x0000000654c00000| PB 0x0000000654c00000| Untracked 
| 340|0x0000000655000000, 0x0000000655000000, 0x0000000655400000|  0%| F|  |TAMS 0x0000000655000000| PB 0x0000000655000000| Untracked 
| 341|0x0000000655400000, 0x0000000655400000, 0x0000000655800000|  0%| F|  |TAMS 0x0000000655400000| PB 0x0000000655400000| Untracked 
| 342|0x0000000655800000, 0x0000000655800000, 0x0000000655c00000|  0%| F|  |TAMS 0x0000000655800000| PB 0x0000000655800000| Untracked 
| 343|0x0000000655c00000, 0x0000000655c00000, 0x0000000656000000|  0%| F|  |TAMS 0x0000000655c00000| PB 0x0000000655c00000| Untracked 
| 344|0x0000000656000000, 0x0000000656000000, 0x0000000656400000|  0%| F|  |TAMS 0x0000000656000000| PB 0x0000000656000000| Untracked 
| 345|0x0000000656400000, 0x0000000656400000, 0x0000000656800000|  0%| F|  |TAMS 0x0000000656400000| PB 0x0000000656400000| Untracked 
| 346|0x0000000656800000, 0x0000000656800000, 0x0000000656c00000|  0%| F|  |TAMS 0x0000000656800000| PB 0x0000000656800000| Untracked 
| 347|0x0000000656c00000, 0x0000000656c00000, 0x0000000657000000|  0%| F|  |TAMS 0x0000000656c00000| PB 0x0000000656c00000| Untracked 
| 348|0x0000000657000000, 0x0000000657000000, 0x0000000657400000|  0%| F|  |TAMS 0x0000000657000000| PB 0x0000000657000000| Untracked 
| 349|0x0000000657400000, 0x0000000657400000, 0x0000000657800000|  0%| F|  |TAMS 0x0000000657400000| PB 0x0000000657400000| Untracked 
| 350|0x0000000657800000, 0x0000000657800000, 0x0000000657c00000|  0%| F|  |TAMS 0x0000000657800000| PB 0x0000000657800000| Untracked 
| 351|0x0000000657c00000, 0x0000000657c00000, 0x0000000658000000|  0%| F|  |TAMS 0x0000000657c00000| PB 0x0000000657c00000| Untracked 
| 352|0x0000000658000000, 0x0000000658000000, 0x0000000658400000|  0%| F|  |TAMS 0x0000000658000000| PB 0x0000000658000000| Untracked 
| 353|0x0000000658400000, 0x0000000658400000, 0x0000000658800000|  0%| F|  |TAMS 0x0000000658400000| PB 0x0000000658400000| Untracked 
| 354|0x0000000658800000, 0x0000000658800000, 0x0000000658c00000|  0%| F|  |TAMS 0x0000000658800000| PB 0x0000000658800000| Untracked 
| 355|0x0000000658c00000, 0x0000000658c00000, 0x0000000659000000|  0%| F|  |TAMS 0x0000000658c00000| PB 0x0000000658c00000| Untracked 
| 356|0x0000000659000000, 0x0000000659000000, 0x0000000659400000|  0%| F|  |TAMS 0x0000000659000000| PB 0x0000000659000000| Untracked 
| 357|0x0000000659400000, 0x0000000659400000, 0x0000000659800000|  0%| F|  |TAMS 0x0000000659400000| PB 0x0000000659400000| Untracked 
| 358|0x0000000659800000, 0x0000000659800000, 0x0000000659c00000|  0%| F|  |TAMS 0x0000000659800000| PB 0x0000000659800000| Untracked 
| 359|0x0000000659c00000, 0x0000000659c00000, 0x000000065a000000|  0%| F|  |TAMS 0x0000000659c00000| PB 0x0000000659c00000| Untracked 
| 360|0x000000065a000000, 0x000000065a000000, 0x000000065a400000|  0%| F|  |TAMS 0x000000065a000000| PB 0x000000065a000000| Untracked 
| 361|0x000000065a400000, 0x000000065a400000, 0x000000065a800000|  0%| F|  |TAMS 0x000000065a400000| PB 0x000000065a400000| Untracked 
| 362|0x000000065a800000, 0x000000065a800000, 0x000000065ac00000|  0%| F|  |TAMS 0x000000065a800000| PB 0x000000065a800000| Untracked 
| 363|0x000000065ac00000, 0x000000065ac00000, 0x000000065b000000|  0%| F|  |TAMS 0x000000065ac00000| PB 0x000000065ac00000| Untracked 
| 364|0x000000065b000000, 0x000000065b000000, 0x000000065b400000|  0%| F|  |TAMS 0x000000065b000000| PB 0x000000065b000000| Untracked 
| 365|0x000000065b400000, 0x000000065b400000, 0x000000065b800000|  0%| F|  |TAMS 0x000000065b400000| PB 0x000000065b400000| Untracked 
| 366|0x000000065b800000, 0x000000065b800000, 0x000000065bc00000|  0%| F|  |TAMS 0x000000065b800000| PB 0x000000065b800000| Untracked 
| 367|0x000000065bc00000, 0x000000065bc00000, 0x000000065c000000|  0%| F|  |TAMS 0x000000065bc00000| PB 0x000000065bc00000| Untracked 
| 368|0x000000065c000000, 0x000000065c000000, 0x000000065c400000|  0%| F|  |TAMS 0x000000065c000000| PB 0x000000065c000000| Untracked 
| 369|0x000000065c400000, 0x000000065c400000, 0x000000065c800000|  0%| F|  |TAMS 0x000000065c400000| PB 0x000000065c400000| Untracked 
| 370|0x000000065c800000, 0x000000065c800000, 0x000000065cc00000|  0%| F|  |TAMS 0x000000065c800000| PB 0x000000065c800000| Untracked 
| 371|0x000000065cc00000, 0x000000065cc00000, 0x000000065d000000|  0%| F|  |TAMS 0x000000065cc00000| PB 0x000000065cc00000| Untracked 
| 372|0x000000065d000000, 0x000000065d000000, 0x000000065d400000|  0%| F|  |TAMS 0x000000065d000000| PB 0x000000065d000000| Untracked 
| 373|0x000000065d400000, 0x000000065d400000, 0x000000065d800000|  0%| F|  |TAMS 0x000000065d400000| PB 0x000000065d400000| Untracked 
| 374|0x000000065d800000, 0x000000065d800000, 0x000000065dc00000|  0%| F|  |TAMS 0x000000065d800000| PB 0x000000065d800000| Untracked 
| 375|0x000000065dc00000, 0x000000065dc00000, 0x000000065e000000|  0%| F|  |TAMS 0x000000065dc00000| PB 0x000000065dc00000| Untracked 
| 376|0x000000065e000000, 0x000000065e000000, 0x000000065e400000|  0%| F|  |TAMS 0x000000065e000000| PB 0x000000065e000000| Untracked 
| 377|0x000000065e400000, 0x000000065e400000, 0x000000065e800000|  0%| F|  |TAMS 0x000000065e400000| PB 0x000000065e400000| Untracked 
| 378|0x000000065e800000, 0x000000065e800000, 0x000000065ec00000|  0%| F|  |TAMS 0x000000065e800000| PB 0x000000065e800000| Untracked 
| 379|0x000000065ec00000, 0x000000065ec00000, 0x000000065f000000|  0%| F|  |TAMS 0x000000065ec00000| PB 0x000000065ec00000| Untracked 
| 380|0x000000065f000000, 0x000000065f000000, 0x000000065f400000|  0%| F|  |TAMS 0x000000065f000000| PB 0x000000065f000000| Untracked 
| 381|0x000000065f400000, 0x000000065f400000, 0x000000065f800000|  0%| F|  |TAMS 0x000000065f400000| PB 0x000000065f400000| Untracked 
| 382|0x000000065f800000, 0x000000065f800000, 0x000000065fc00000|  0%| F|  |TAMS 0x000000065f800000| PB 0x000000065f800000| Untracked 
| 383|0x000000065fc00000, 0x000000065fc00000, 0x0000000660000000|  0%| F|  |TAMS 0x000000065fc00000| PB 0x000000065fc00000| Untracked 
| 384|0x0000000660000000, 0x0000000660000000, 0x0000000660400000|  0%| F|  |TAMS 0x0000000660000000| PB 0x0000000660000000| Untracked 
| 385|0x0000000660400000, 0x0000000660400000, 0x0000000660800000|  0%| F|  |TAMS 0x0000000660400000| PB 0x0000000660400000| Untracked 
| 386|0x0000000660800000, 0x0000000660800000, 0x0000000660c00000|  0%| F|  |TAMS 0x0000000660800000| PB 0x0000000660800000| Untracked 
| 387|0x0000000660c00000, 0x0000000660c00000, 0x0000000661000000|  0%| F|  |TAMS 0x0000000660c00000| PB 0x0000000660c00000| Untracked 
| 388|0x0000000661000000, 0x0000000661000000, 0x0000000661400000|  0%| F|  |TAMS 0x0000000661000000| PB 0x0000000661000000| Untracked 
| 389|0x0000000661400000, 0x0000000661400000, 0x0000000661800000|  0%| F|  |TAMS 0x0000000661400000| PB 0x0000000661400000| Untracked 
| 390|0x0000000661800000, 0x0000000661800000, 0x0000000661c00000|  0%| F|  |TAMS 0x0000000661800000| PB 0x0000000661800000| Untracked 
| 391|0x0000000661c00000, 0x0000000661c00000, 0x0000000662000000|  0%| F|  |TAMS 0x0000000661c00000| PB 0x0000000661c00000| Untracked 
| 392|0x0000000662000000, 0x0000000662000000, 0x0000000662400000|  0%| F|  |TAMS 0x0000000662000000| PB 0x0000000662000000| Untracked 
| 393|0x0000000662400000, 0x0000000662400000, 0x0000000662800000|  0%| F|  |TAMS 0x0000000662400000| PB 0x0000000662400000| Untracked 
| 394|0x0000000662800000, 0x0000000662800000, 0x0000000662c00000|  0%| F|  |TAMS 0x0000000662800000| PB 0x0000000662800000| Untracked 
| 395|0x0000000662c00000, 0x0000000662c00000, 0x0000000663000000|  0%| F|  |TAMS 0x0000000662c00000| PB 0x0000000662c00000| Untracked 
| 396|0x0000000663000000, 0x0000000663000000, 0x0000000663400000|  0%| F|  |TAMS 0x0000000663000000| PB 0x0000000663000000| Untracked 
| 397|0x0000000663400000, 0x0000000663400000, 0x0000000663800000|  0%| F|  |TAMS 0x0000000663400000| PB 0x0000000663400000| Untracked 
| 398|0x0000000663800000, 0x0000000663800000, 0x0000000663c00000|  0%| F|  |TAMS 0x0000000663800000| PB 0x0000000663800000| Untracked 
| 399|0x0000000663c00000, 0x0000000663c00000, 0x0000000664000000|  0%| F|  |TAMS 0x0000000663c00000| PB 0x0000000663c00000| Untracked 
| 400|0x0000000664000000, 0x0000000664000000, 0x0000000664400000|  0%| F|  |TAMS 0x0000000664000000| PB 0x0000000664000000| Untracked 
| 401|0x0000000664400000, 0x0000000664400000, 0x0000000664800000|  0%| F|  |TAMS 0x0000000664400000| PB 0x0000000664400000| Untracked 
| 402|0x0000000664800000, 0x0000000664800000, 0x0000000664c00000|  0%| F|  |TAMS 0x0000000664800000| PB 0x0000000664800000| Untracked 
| 403|0x0000000664c00000, 0x0000000664c00000, 0x0000000665000000|  0%| F|  |TAMS 0x0000000664c00000| PB 0x0000000664c00000| Untracked 
| 404|0x0000000665000000, 0x0000000665000000, 0x0000000665400000|  0%| F|  |TAMS 0x0000000665000000| PB 0x0000000665000000| Untracked 
| 405|0x0000000665400000, 0x0000000665400000, 0x0000000665800000|  0%| F|  |TAMS 0x0000000665400000| PB 0x0000000665400000| Untracked 
| 406|0x0000000665800000, 0x0000000665800000, 0x0000000665c00000|  0%| F|  |TAMS 0x0000000665800000| PB 0x0000000665800000| Untracked 
| 407|0x0000000665c00000, 0x0000000665c00000, 0x0000000666000000|  0%| F|  |TAMS 0x0000000665c00000| PB 0x0000000665c00000| Untracked 
| 408|0x0000000666000000, 0x0000000666000000, 0x0000000666400000|  0%| F|  |TAMS 0x0000000666000000| PB 0x0000000666000000| Untracked 
| 409|0x0000000666400000, 0x0000000666400000, 0x0000000666800000|  0%| F|  |TAMS 0x0000000666400000| PB 0x0000000666400000| Untracked 
| 410|0x0000000666800000, 0x0000000666800000, 0x0000000666c00000|  0%| F|  |TAMS 0x0000000666800000| PB 0x0000000666800000| Untracked 
| 411|0x0000000666c00000, 0x0000000666c00000, 0x0000000667000000|  0%| F|  |TAMS 0x0000000666c00000| PB 0x0000000666c00000| Untracked 
| 412|0x0000000667000000, 0x0000000667000000, 0x0000000667400000|  0%| F|  |TAMS 0x0000000667000000| PB 0x0000000667000000| Untracked 
| 413|0x0000000667400000, 0x0000000667400000, 0x0000000667800000|  0%| F|  |TAMS 0x0000000667400000| PB 0x0000000667400000| Untracked 
| 414|0x0000000667800000, 0x0000000667800000, 0x0000000667c00000|  0%| F|  |TAMS 0x0000000667800000| PB 0x0000000667800000| Untracked 
| 415|0x0000000667c00000, 0x0000000667c00000, 0x0000000668000000|  0%| F|  |TAMS 0x0000000667c00000| PB 0x0000000667c00000| Untracked 
| 416|0x0000000668000000, 0x0000000668000000, 0x0000000668400000|  0%| F|  |TAMS 0x0000000668000000| PB 0x0000000668000000| Untracked 
| 417|0x0000000668400000, 0x0000000668400000, 0x0000000668800000|  0%| F|  |TAMS 0x0000000668400000| PB 0x0000000668400000| Untracked 
| 418|0x0000000668800000, 0x0000000668800000, 0x0000000668c00000|  0%| F|  |TAMS 0x0000000668800000| PB 0x0000000668800000| Untracked 
| 419|0x0000000668c00000, 0x0000000668c00000, 0x0000000669000000|  0%| F|  |TAMS 0x0000000668c00000| PB 0x0000000668c00000| Untracked 
| 420|0x0000000669000000, 0x0000000669000000, 0x0000000669400000|  0%| F|  |TAMS 0x0000000669000000| PB 0x0000000669000000| Untracked 
| 421|0x0000000669400000, 0x0000000669400000, 0x0000000669800000|  0%| F|  |TAMS 0x0000000669400000| PB 0x0000000669400000| Untracked 
| 422|0x0000000669800000, 0x0000000669800000, 0x0000000669c00000|  0%| F|  |TAMS 0x0000000669800000| PB 0x0000000669800000| Untracked 
| 423|0x0000000669c00000, 0x0000000669c00000, 0x000000066a000000|  0%| F|  |TAMS 0x0000000669c00000| PB 0x0000000669c00000| Untracked 
| 424|0x000000066a000000, 0x000000066a000000, 0x000000066a400000|  0%| F|  |TAMS 0x000000066a000000| PB 0x000000066a000000| Untracked 
| 425|0x000000066a400000, 0x000000066a400000, 0x000000066a800000|  0%| F|  |TAMS 0x000000066a400000| PB 0x000000066a400000| Untracked 
| 426|0x000000066a800000, 0x000000066a800000, 0x000000066ac00000|  0%| F|  |TAMS 0x000000066a800000| PB 0x000000066a800000| Untracked 
| 427|0x000000066ac00000, 0x000000066ac00000, 0x000000066b000000|  0%| F|  |TAMS 0x000000066ac00000| PB 0x000000066ac00000| Untracked 
| 428|0x000000066b000000, 0x000000066b000000, 0x000000066b400000|  0%| F|  |TAMS 0x000000066b000000| PB 0x000000066b000000| Untracked 
| 429|0x000000066b400000, 0x000000066b400000, 0x000000066b800000|  0%| F|  |TAMS 0x000000066b400000| PB 0x000000066b400000| Untracked 
| 430|0x000000066b800000, 0x000000066b800000, 0x000000066bc00000|  0%| F|  |TAMS 0x000000066b800000| PB 0x000000066b800000| Untracked 
| 431|0x000000066bc00000, 0x000000066bc00000, 0x000000066c000000|  0%| F|  |TAMS 0x000000066bc00000| PB 0x000000066bc00000| Untracked 
| 432|0x000000066c000000, 0x000000066c000000, 0x000000066c400000|  0%| F|  |TAMS 0x000000066c000000| PB 0x000000066c000000| Untracked 
| 433|0x000000066c400000, 0x000000066c400000, 0x000000066c800000|  0%| F|  |TAMS 0x000000066c400000| PB 0x000000066c400000| Untracked 
| 434|0x000000066c800000, 0x000000066c800000, 0x000000066cc00000|  0%| F|  |TAMS 0x000000066c800000| PB 0x000000066c800000| Untracked 
| 435|0x000000066cc00000, 0x000000066cc00000, 0x000000066d000000|  0%| F|  |TAMS 0x000000066cc00000| PB 0x000000066cc00000| Untracked 
| 436|0x000000066d000000, 0x000000066d000000, 0x000000066d400000|  0%| F|  |TAMS 0x000000066d000000| PB 0x000000066d000000| Untracked 
| 437|0x000000066d400000, 0x000000066d400000, 0x000000066d800000|  0%| F|  |TAMS 0x000000066d400000| PB 0x000000066d400000| Untracked 
| 438|0x000000066d800000, 0x000000066d800000, 0x000000066dc00000|  0%| F|  |TAMS 0x000000066d800000| PB 0x000000066d800000| Untracked 
| 439|0x000000066dc00000, 0x000000066dc00000, 0x000000066e000000|  0%| F|  |TAMS 0x000000066dc00000| PB 0x000000066dc00000| Untracked 
| 440|0x000000066e000000, 0x000000066e000000, 0x000000066e400000|  0%| F|  |TAMS 0x000000066e000000| PB 0x000000066e000000| Untracked 
| 441|0x000000066e400000, 0x000000066e400000, 0x000000066e800000|  0%| F|  |TAMS 0x000000066e400000| PB 0x000000066e400000| Untracked 
| 442|0x000000066e800000, 0x000000066e800000, 0x000000066ec00000|  0%| F|  |TAMS 0x000000066e800000| PB 0x000000066e800000| Untracked 
| 443|0x000000066ec00000, 0x000000066ec00000, 0x000000066f000000|  0%| F|  |TAMS 0x000000066ec00000| PB 0x000000066ec00000| Untracked 
| 444|0x000000066f000000, 0x000000066f000000, 0x000000066f400000|  0%| F|  |TAMS 0x000000066f000000| PB 0x000000066f000000| Untracked 
| 445|0x000000066f400000, 0x000000066f400000, 0x000000066f800000|  0%| F|  |TAMS 0x000000066f400000| PB 0x000000066f400000| Untracked 
| 446|0x000000066f800000, 0x000000066f800000, 0x000000066fc00000|  0%| F|  |TAMS 0x000000066f800000| PB 0x000000066f800000| Untracked 
| 447|0x000000066fc00000, 0x000000066fc00000, 0x0000000670000000|  0%| F|  |TAMS 0x000000066fc00000| PB 0x000000066fc00000| Untracked 
| 448|0x0000000670000000, 0x0000000670000000, 0x0000000670400000|  0%| F|  |TAMS 0x0000000670000000| PB 0x0000000670000000| Untracked 
| 449|0x0000000670400000, 0x0000000670400000, 0x0000000670800000|  0%| F|  |TAMS 0x0000000670400000| PB 0x0000000670400000| Untracked 
| 450|0x0000000670800000, 0x0000000670800000, 0x0000000670c00000|  0%| F|  |TAMS 0x0000000670800000| PB 0x0000000670800000| Untracked 
| 451|0x0000000670c00000, 0x0000000670c00000, 0x0000000671000000|  0%| F|  |TAMS 0x0000000670c00000| PB 0x0000000670c00000| Untracked 
| 452|0x0000000671000000, 0x0000000671000000, 0x0000000671400000|  0%| F|  |TAMS 0x0000000671000000| PB 0x0000000671000000| Untracked 
| 453|0x0000000671400000, 0x0000000671400000, 0x0000000671800000|  0%| F|  |TAMS 0x0000000671400000| PB 0x0000000671400000| Untracked 
| 454|0x0000000671800000, 0x0000000671800000, 0x0000000671c00000|  0%| F|  |TAMS 0x0000000671800000| PB 0x0000000671800000| Untracked 
| 455|0x0000000671c00000, 0x0000000671c00000, 0x0000000672000000|  0%| F|  |TAMS 0x0000000671c00000| PB 0x0000000671c00000| Untracked 
| 456|0x0000000672000000, 0x0000000672000000, 0x0000000672400000|  0%| F|  |TAMS 0x0000000672000000| PB 0x0000000672000000| Untracked 
| 457|0x0000000672400000, 0x0000000672400000, 0x0000000672800000|  0%| F|  |TAMS 0x0000000672400000| PB 0x0000000672400000| Untracked 
| 458|0x0000000672800000, 0x0000000672800000, 0x0000000672c00000|  0%| F|  |TAMS 0x0000000672800000| PB 0x0000000672800000| Untracked 
| 459|0x0000000672c00000, 0x0000000672c00000, 0x0000000673000000|  0%| F|  |TAMS 0x0000000672c00000| PB 0x0000000672c00000| Untracked 
| 460|0x0000000673000000, 0x0000000673000000, 0x0000000673400000|  0%| F|  |TAMS 0x0000000673000000| PB 0x0000000673000000| Untracked 
| 461|0x0000000673400000, 0x0000000673400000, 0x0000000673800000|  0%| F|  |TAMS 0x0000000673400000| PB 0x0000000673400000| Untracked 
| 462|0x0000000673800000, 0x0000000673800000, 0x0000000673c00000|  0%| F|  |TAMS 0x0000000673800000| PB 0x0000000673800000| Untracked 
| 463|0x0000000673c00000, 0x0000000673c00000, 0x0000000674000000|  0%| F|  |TAMS 0x0000000673c00000| PB 0x0000000673c00000| Untracked 
| 464|0x0000000674000000, 0x0000000674000000, 0x0000000674400000|  0%| F|  |TAMS 0x0000000674000000| PB 0x0000000674000000| Untracked 
| 465|0x0000000674400000, 0x0000000674400000, 0x0000000674800000|  0%| F|  |TAMS 0x0000000674400000| PB 0x0000000674400000| Untracked 
| 466|0x0000000674800000, 0x0000000674800000, 0x0000000674c00000|  0%| F|  |TAMS 0x0000000674800000| PB 0x0000000674800000| Untracked 
| 467|0x0000000674c00000, 0x0000000674c00000, 0x0000000675000000|  0%| F|  |TAMS 0x0000000674c00000| PB 0x0000000674c00000| Untracked 
| 468|0x0000000675000000, 0x0000000675000000, 0x0000000675400000|  0%| F|  |TAMS 0x0000000675000000| PB 0x0000000675000000| Untracked 
| 469|0x0000000675400000, 0x0000000675400000, 0x0000000675800000|  0%| F|  |TAMS 0x0000000675400000| PB 0x0000000675400000| Untracked 
| 470|0x0000000675800000, 0x0000000675800000, 0x0000000675c00000|  0%| F|  |TAMS 0x0000000675800000| PB 0x0000000675800000| Untracked 
| 471|0x0000000675c00000, 0x0000000675c00000, 0x0000000676000000|  0%| F|  |TAMS 0x0000000675c00000| PB 0x0000000675c00000| Untracked 
| 472|0x0000000676000000, 0x0000000676000000, 0x0000000676400000|  0%| F|  |TAMS 0x0000000676000000| PB 0x0000000676000000| Untracked 
| 473|0x0000000676400000, 0x0000000676400000, 0x0000000676800000|  0%| F|  |TAMS 0x0000000676400000| PB 0x0000000676400000| Untracked 
| 474|0x0000000676800000, 0x0000000676800000, 0x0000000676c00000|  0%| F|  |TAMS 0x0000000676800000| PB 0x0000000676800000| Untracked 
| 475|0x0000000676c00000, 0x0000000676c00000, 0x0000000677000000|  0%| F|  |TAMS 0x0000000676c00000| PB 0x0000000676c00000| Untracked 
| 476|0x0000000677000000, 0x0000000677000000, 0x0000000677400000|  0%| F|  |TAMS 0x0000000677000000| PB 0x0000000677000000| Untracked 
| 477|0x0000000677400000, 0x0000000677400000, 0x0000000677800000|  0%| F|  |TAMS 0x0000000677400000| PB 0x0000000677400000| Untracked 
| 478|0x0000000677800000, 0x0000000677800000, 0x0000000677c00000|  0%| F|  |TAMS 0x0000000677800000| PB 0x0000000677800000| Untracked 
| 479|0x0000000677c00000, 0x0000000677c00000, 0x0000000678000000|  0%| F|  |TAMS 0x0000000677c00000| PB 0x0000000677c00000| Untracked 
| 480|0x0000000678000000, 0x0000000678000000, 0x0000000678400000|  0%| F|  |TAMS 0x0000000678000000| PB 0x0000000678000000| Untracked 
| 481|0x0000000678400000, 0x0000000678400000, 0x0000000678800000|  0%| F|  |TAMS 0x0000000678400000| PB 0x0000000678400000| Untracked 
| 482|0x0000000678800000, 0x0000000678800000, 0x0000000678c00000|  0%| F|  |TAMS 0x0000000678800000| PB 0x0000000678800000| Untracked 
| 483|0x0000000678c00000, 0x0000000678c00000, 0x0000000679000000|  0%| F|  |TAMS 0x0000000678c00000| PB 0x0000000678c00000| Untracked 
| 484|0x0000000679000000, 0x0000000679000000, 0x0000000679400000|  0%| F|  |TAMS 0x0000000679000000| PB 0x0000000679000000| Untracked 
| 485|0x0000000679400000, 0x0000000679400000, 0x0000000679800000|  0%| F|  |TAMS 0x0000000679400000| PB 0x0000000679400000| Untracked 
| 486|0x0000000679800000, 0x0000000679800000, 0x0000000679c00000|  0%| F|  |TAMS 0x0000000679800000| PB 0x0000000679800000| Untracked 
| 487|0x0000000679c00000, 0x0000000679c00000, 0x000000067a000000|  0%| F|  |TAMS 0x0000000679c00000| PB 0x0000000679c00000| Untracked 
| 488|0x000000067a000000, 0x000000067a000000, 0x000000067a400000|  0%| F|  |TAMS 0x000000067a000000| PB 0x000000067a000000| Untracked 
| 489|0x000000067a400000, 0x000000067a400000, 0x000000067a800000|  0%| F|  |TAMS 0x000000067a400000| PB 0x000000067a400000| Untracked 
| 490|0x000000067a800000, 0x000000067a800000, 0x000000067ac00000|  0%| F|  |TAMS 0x000000067a800000| PB 0x000000067a800000| Untracked 
| 491|0x000000067ac00000, 0x000000067ac00000, 0x000000067b000000|  0%| F|  |TAMS 0x000000067ac00000| PB 0x000000067ac00000| Untracked 
| 492|0x000000067b000000, 0x000000067b000000, 0x000000067b400000|  0%| F|  |TAMS 0x000000067b000000| PB 0x000000067b000000| Untracked 
| 493|0x000000067b400000, 0x000000067b400000, 0x000000067b800000|  0%| F|  |TAMS 0x000000067b400000| PB 0x000000067b400000| Untracked 
| 494|0x000000067b800000, 0x000000067b800000, 0x000000067bc00000|  0%| F|  |TAMS 0x000000067b800000| PB 0x000000067b800000| Untracked 
| 495|0x000000067bc00000, 0x000000067bc00000, 0x000000067c000000|  0%| F|  |TAMS 0x000000067bc00000| PB 0x000000067bc00000| Untracked 
| 496|0x000000067c000000, 0x000000067c000000, 0x000000067c400000|  0%| F|  |TAMS 0x000000067c000000| PB 0x000000067c000000| Untracked 
| 497|0x000000067c400000, 0x000000067c400000, 0x000000067c800000|  0%| F|  |TAMS 0x000000067c400000| PB 0x000000067c400000| Untracked 
| 498|0x000000067c800000, 0x000000067c800000, 0x000000067cc00000|  0%| F|  |TAMS 0x000000067c800000| PB 0x000000067c800000| Untracked 
| 499|0x000000067cc00000, 0x000000067cc00000, 0x000000067d000000|  0%| F|  |TAMS 0x000000067cc00000| PB 0x000000067cc00000| Untracked 
| 500|0x000000067d000000, 0x000000067d000000, 0x000000067d400000|  0%| F|  |TAMS 0x000000067d000000| PB 0x000000067d000000| Untracked 
| 501|0x000000067d400000, 0x000000067d400000, 0x000000067d800000|  0%| F|  |TAMS 0x000000067d400000| PB 0x000000067d400000| Untracked 
| 502|0x000000067d800000, 0x000000067d800000, 0x000000067dc00000|  0%| F|  |TAMS 0x000000067d800000| PB 0x000000067d800000| Untracked 
| 503|0x000000067dc00000, 0x000000067dc00000, 0x000000067e000000|  0%| F|  |TAMS 0x000000067dc00000| PB 0x000000067dc00000| Untracked 
| 504|0x000000067e000000, 0x000000067e000000, 0x000000067e400000|  0%| F|  |TAMS 0x000000067e000000| PB 0x000000067e000000| Untracked 
| 505|0x000000067e400000, 0x000000067e400000, 0x000000067e800000|  0%| F|  |TAMS 0x000000067e400000| PB 0x000000067e400000| Untracked 
| 506|0x000000067e800000, 0x000000067e800000, 0x000000067ec00000|  0%| F|  |TAMS 0x000000067e800000| PB 0x000000067e800000| Untracked 
| 507|0x000000067ec00000, 0x000000067ec00000, 0x000000067f000000|  0%| F|  |TAMS 0x000000067ec00000| PB 0x000000067ec00000| Untracked 
| 508|0x000000067f000000, 0x000000067f000000, 0x000000067f400000|  0%| F|  |TAMS 0x000000067f000000| PB 0x000000067f000000| Untracked 
| 509|0x000000067f400000, 0x000000067f400000, 0x000000067f800000|  0%| F|  |TAMS 0x000000067f400000| PB 0x000000067f400000| Untracked 
| 510|0x000000067f800000, 0x000000067f800000, 0x000000067fc00000|  0%| F|  |TAMS 0x000000067f800000| PB 0x000000067f800000| Untracked 
| 511|0x000000067fc00000, 0x000000067fc00000, 0x0000000680000000|  0%| F|  |TAMS 0x000000067fc00000| PB 0x000000067fc00000| Untracked 
| 512|0x0000000680000000, 0x0000000680000000, 0x0000000680400000|  0%| F|  |TAMS 0x0000000680000000| PB 0x0000000680000000| Untracked 
| 513|0x0000000680400000, 0x0000000680400000, 0x0000000680800000|  0%| F|  |TAMS 0x0000000680400000| PB 0x0000000680400000| Untracked 
| 514|0x0000000680800000, 0x0000000680800000, 0x0000000680c00000|  0%| F|  |TAMS 0x0000000680800000| PB 0x0000000680800000| Untracked 
| 515|0x0000000680c00000, 0x0000000680c00000, 0x0000000681000000|  0%| F|  |TAMS 0x0000000680c00000| PB 0x0000000680c00000| Untracked 
| 516|0x0000000681000000, 0x0000000681000000, 0x0000000681400000|  0%| F|  |TAMS 0x0000000681000000| PB 0x0000000681000000| Untracked 
| 517|0x0000000681400000, 0x0000000681400000, 0x0000000681800000|  0%| F|  |TAMS 0x0000000681400000| PB 0x0000000681400000| Untracked 
| 518|0x0000000681800000, 0x0000000681800000, 0x0000000681c00000|  0%| F|  |TAMS 0x0000000681800000| PB 0x0000000681800000| Untracked 
| 519|0x0000000681c00000, 0x0000000681c00000, 0x0000000682000000|  0%| F|  |TAMS 0x0000000681c00000| PB 0x0000000681c00000| Untracked 
| 520|0x0000000682000000, 0x0000000682000000, 0x0000000682400000|  0%| F|  |TAMS 0x0000000682000000| PB 0x0000000682000000| Untracked 
|2047|0x00000007ffc00000, 0x0000000800000000, 0x0000000800000000|100%| O|  |TAMS 0x0000000800000000| PB 0x00000007ffc00000| Untracked 

Card table byte_map: [0x0000015766e30000,0x0000015767e30000] _byte_map_base: 0x0000015763e30000

Marking Bits: (CMBitMap*) 0x000001576261acd0
 Bits: [0x0000015767e30000, 0x000001576fe30000)

Polling page: 0x0000015760540000

Metaspace:

Usage:
  Non-class:    179.50 MB used.
      Class:     25.88 MB used.
       Both:    205.37 MB used.

Virtual space:
  Non-class space:      192.00 MB reserved,     181.06 MB ( 94%) committed,  3 nodes.
      Class space:        1.00 GB reserved,      27.31 MB (  3%) committed,  1 nodes.
             Both:        1.19 GB reserved,     208.38 MB ( 17%) committed. 

Chunk freelists:
   Non-Class:  10.04 MB
       Class:  4.72 MB
        Both:  14.76 MB

MaxMetaspaceSize: 4.00 GB
CompressedClassSpaceSize: 1.00 GB
Initial GC threshold: 21.00 MB
Current GC threshold: 347.19 MB
CDS: off
 - commit_granule_bytes: 65536.
 - commit_granule_words: 8192.
 - virtual_space_node_default_size: 8388608.
 - enlarge_chunks_in_place: 1.
 - use_allocation_guard: 0.


Internal statistics:

num_allocs_failed_limit: 18.
num_arena_births: 5508.
num_arena_deaths: 6.
num_vsnodes_births: 4.
num_vsnodes_deaths: 0.
num_space_committed: 3332.
num_space_uncommitted: 0.
num_chunks_returned_to_freelist: 28.
num_chunks_taken_from_freelist: 13957.
num_chunk_merges: 16.
num_chunk_splits: 9707.
num_chunks_enlarged: 6824.
num_inconsistent_stats: 0.

CodeHeap 'non-profiled nmethods': size=259264Kb used=24496Kb max_used=30638Kb free=234767Kb
 bounds [0x00000157102d0000, 0x00000157120c0000, 0x0000015720000000]
CodeHeap 'profiled nmethods': size=259264Kb used=62560Kb max_used=80634Kb free=196703Kb
 bounds [0x0000015700000000, 0x0000015704ec0000, 0x000001570fd30000]
CodeHeap 'non-nmethods': size=5760Kb used=3273Kb max_used=3323Kb free=2486Kb
 bounds [0x000001570fd30000, 0x0000015710080000, 0x00000157102d0000]
 total_blobs=28501 nmethods=27218 adapters=1182
 compilation: enabled
              stopped_count=0, restarted_count=0
 full_count=0

Compilation events (20 events):
Event: 200.118 Thread 0x0000015772c97ee0 36749       4       java.lang.String::replace (42 bytes)
Event: 200.138 Thread 0x0000015772c97ee0 nmethod 36749 0x0000015711538710 code [0x00000157115388e0, 0x0000015711538fb0]
Event: 200.276 Thread 0x0000015772c97ee0 36750       4       java.io.File::isAbsolute (8 bytes)
Event: 200.283 Thread 0x0000015772c97ee0 nmethod 36750 0x0000015711ea6b90 code [0x0000015711ea6d20, 0x0000015711ea6dd8]
Event: 200.285 Thread 0x0000015772c97ee0 36751       4       org.gradle.api.internal.artifacts.transform.AbstractTransformExecution::visitImplementations (16 bytes)
Event: 200.335 Thread 0x0000015772c97ee0 nmethod 36751 0x00000157106b6c90 code [0x00000157106b6ec0, 0x00000157106b7660]
Event: 200.335 Thread 0x0000015772c97ee0 36752       4       com.google.common.cache.CacheBuilder$1::recordMisses (1 bytes)
Event: 200.335 Thread 0x0000015772c97ee0 nmethod 36752 0x0000015711f18790 code [0x0000015711f18920, 0x0000015711f189a8]
Event: 203.468 Thread 0x0000015772cc9d00 36753       3       java.util.concurrent.ScheduledThreadPoolExecutor$DelayedWorkQueue::add (9 bytes)
Event: 203.477 Thread 0x0000015772cc9d00 nmethod 36753 0x0000015700cf8c10 code [0x0000015700cf8de0, 0x0000015700cf90b8]
Event: 203.477 Thread 0x0000015772cc9d00 36754       3       java.util.concurrent.ScheduledThreadPoolExecutor$DelayedWorkQueue::add (6 bytes)
Event: 203.477 Thread 0x0000015772cc9d00 nmethod 36754 0x0000015700069b90 code [0x0000015700069d40, 0x0000015700069e98]
Event: 204.780 Thread 0x0000015772cc9d00 36755       3       java.util.concurrent.ScheduledThreadPoolExecutor$ScheduledFutureTask::setNextRunTime (38 bytes)
Event: 204.813 Thread 0x0000015772cc9d00 nmethod 36755 0x000001570019cf90 code [0x000001570019d140, 0x000001570019d370]
Event: 204.813 Thread 0x0000015772cc9d00 36756       3       java.util.concurrent.ScheduledThreadPoolExecutor::reExecutePeriodic (49 bytes)
Event: 204.947 Thread 0x0000015772cc9d00 nmethod 36756 0x000001570002e590 code [0x000001570002e7c0, 0x000001570002ee78]
Event: 205.442 Thread 0x0000015772cc9d00 36757       3       java.util.concurrent.ScheduledThreadPoolExecutor$DelayedWorkQueue::finishPoll (43 bytes)
Event: 205.463 Thread 0x0000015772cc9d00 nmethod 36757 0x000001570037fb10 code [0x000001570037fd00, 0x00000157003802e0]
Event: 205.463 Thread 0x0000015772cc9d00 36758       3       java.util.concurrent.ScheduledThreadPoolExecutor$ScheduledFutureTask::run (57 bytes)
Event: 205.480 Thread 0x0000015772cc9d00 nmethod 36758 0x000001570025d410 code [0x000001570025d640, 0x000001570025daf0]

GC Heap History (20 events):
Event: 162.708 GC heap after
{Heap after GC invocations=119 (full 0):
 garbage-first heap   total 1368064K, used 407276K [0x0000000600000000, 0x0000000800000000)
  region size 4096K, 20 young (81920K), 20 survivors (81920K)
 Metaspace       used 206873K, committed 209728K, reserved 1245184K
  class space    used 26056K, committed 27456K, reserved 1048576K
}
Event: 162.708 GC heap before
{Heap before GC invocations=119 (full 0):
 garbage-first heap   total 1368064K, used 411372K [0x0000000600000000, 0x0000000800000000)
  region size 4096K, 21 young (86016K), 20 survivors (81920K)
 Metaspace       used 206873K, committed 209728K, reserved 1245184K
  class space    used 26056K, committed 27456K, reserved 1048576K
}
Event: 162.790 GC heap after
{Heap after GC invocations=120 (full 0):
 garbage-first heap   total 1712128K, used 412191K [0x0000000600000000, 0x0000000800000000)
  region size 4096K, 2 young (8192K), 2 survivors (8192K)
 Metaspace       used 206873K, committed 209728K, reserved 1245184K
  class space    used 26056K, committed 27456K, reserved 1048576K
}
Event: 164.028 GC heap before
{Heap before GC invocations=120 (full 0):
 garbage-first heap   total 1712128K, used 1423903K [0x0000000600000000, 0x0000000800000000)
  region size 4096K, 250 young (1024000K), 2 survivors (8192K)
 Metaspace       used 206877K, committed 209728K, reserved 1245184K
  class space    used 26057K, committed 27456K, reserved 1048576K
}
Event: 164.045 GC heap after
{Heap after GC invocations=121 (full 0):
 garbage-first heap   total 1712128K, used 419130K [0x0000000600000000, 0x0000000800000000)
  region size 4096K, 4 young (16384K), 4 survivors (16384K)
 Metaspace       used 206877K, committed 209728K, reserved 1245184K
  class space    used 26057K, committed 27456K, reserved 1048576K
}
Event: 165.108 GC heap before
{Heap before GC invocations=121 (full 0):
 garbage-first heap   total 1712128K, used 1422650K [0x0000000600000000, 0x0000000800000000)
  region size 4096K, 250 young (1024000K), 4 survivors (16384K)
 Metaspace       used 206877K, committed 209728K, reserved 1245184K
  class space    used 26057K, committed 27456K, reserved 1048576K
}
Event: 165.174 GC heap after
{Heap after GC invocations=122 (full 0):
 garbage-first heap   total 1712128K, used 422266K [0x0000000600000000, 0x0000000800000000)
  region size 4096K, 5 young (20480K), 5 survivors (20480K)
 Metaspace       used 206877K, committed 209728K, reserved 1245184K
  class space    used 26057K, committed 27456K, reserved 1048576K
}
Event: 181.368 GC heap before
{Heap before GC invocations=123 (full 0):
 garbage-first heap   total 1712128K, used 1421690K [0x0000000600000000, 0x0000000800000000)
  region size 4096K, 250 young (1024000K), 5 survivors (20480K)
 Metaspace       used 209737K, committed 212800K, reserved 1245184K
  class space    used 26495K, committed 27968K, reserved 1048576K
}
Event: 181.493 GC heap after
{Heap after GC invocations=124 (full 0):
 garbage-first heap   total 1712128K, used 427415K [0x0000000600000000, 0x0000000800000000)
  region size 4096K, 6 young (24576K), 6 survivors (24576K)
 Metaspace       used 209737K, committed 212800K, reserved 1245184K
  class space    used 26495K, committed 27968K, reserved 1048576K
}
Event: 191.845 GC heap before
{Heap before GC invocations=124 (full 0):
 garbage-first heap   total 1712128K, used 1426839K [0x0000000600000000, 0x0000000800000000)
  region size 4096K, 250 young (1024000K), 6 survivors (24576K)
 Metaspace       used 210290K, committed 213312K, reserved 1245184K
  class space    used 26498K, committed 27968K, reserved 1048576K
}
Event: 192.030 GC heap after
{Heap after GC invocations=125 (full 0):
 garbage-first heap   total 1712128K, used 450815K [0x0000000600000000, 0x0000000800000000)
  region size 4096K, 13 young (53248K), 13 survivors (53248K)
 Metaspace       used 210290K, committed 213312K, reserved 1245184K
  class space    used 26498K, committed 27968K, reserved 1048576K
}
Event: 194.378 GC heap before
{Heap before GC invocations=125 (full 0):
 garbage-first heap   total 1712128K, used 1417471K [0x0000000600000000, 0x0000000800000000)
  region size 4096K, 250 young (1024000K), 13 survivors (53248K)
 Metaspace       used 210292K, committed 213312K, reserved 1245184K
  class space    used 26498K, committed 27968K, reserved 1048576K
}
Event: 194.460 GC heap after
{Heap after GC invocations=126 (full 0):
 garbage-first heap   total 1712128K, used 482744K [0x0000000600000000, 0x0000000800000000)
  region size 4096K, 21 young (86016K), 21 survivors (86016K)
 Metaspace       used 210292K, committed 213312K, reserved 1245184K
  class space    used 26498K, committed 27968K, reserved 1048576K
}
Event: 195.080 GC heap before
{Heap before GC invocations=126 (full 0):
 garbage-first heap   total 1712128K, used 888248K [0x0000000600000000, 0x0000000800000000)
  region size 4096K, 120 young (491520K), 21 survivors (86016K)
 Metaspace       used 210292K, committed 213312K, reserved 1245184K
  class space    used 26498K, committed 27968K, reserved 1048576K
}
Event: 195.196 GC heap after
{Heap after GC invocations=127 (full 0):
 garbage-first heap   total 1712128K, used 494455K [0x0000000600000000, 0x0000000800000000)
  region size 4096K, 4 young (16384K), 4 survivors (16384K)
 Metaspace       used 210292K, committed 213312K, reserved 1245184K
  class space    used 26498K, committed 27968K, reserved 1048576K
}
Event: 196.901 GC heap before
{Heap before GC invocations=128 (full 0):
 garbage-first heap   total 2138112K, used 1579895K [0x0000000600000000, 0x0000000800000000)
  region size 4096K, 269 young (1101824K), 4 survivors (16384K)
 Metaspace       used 210294K, committed 213312K, reserved 1245184K
  class space    used 26498K, committed 27968K, reserved 1048576K
}
Event: 196.977 GC heap after
{Heap after GC invocations=129 (full 0):
 garbage-first heap   total 2138112K, used 504722K [0x0000000600000000, 0x0000000800000000)
  region size 4096K, 5 young (20480K), 5 survivors (20480K)
 Metaspace       used 210294K, committed 213312K, reserved 1245184K
  class space    used 26498K, committed 27968K, reserved 1048576K
}
Event: 198.554 GC heap before
{Heap before GC invocations=129 (full 0):
 garbage-first heap   total 2138112K, used 1762194K [0x0000000600000000, 0x0000000800000000)
  region size 4096K, 313 young (1282048K), 5 survivors (20480K)
 Metaspace       used 210295K, committed 213312K, reserved 1245184K
  class space    used 26498K, committed 27968K, reserved 1048576K
}
Event: 198.677 GC heap after
{Heap after GC invocations=130 (full 0):
 garbage-first heap   total 2138112K, used 500856K [0x0000000600000000, 0x0000000800000000)
  region size 4096K, 6 young (24576K), 6 survivors (24576K)
 Metaspace       used 210295K, committed 213312K, reserved 1245184K
  class space    used 26498K, committed 27968K, reserved 1048576K
}
Event: 207.813 GC heap before
{Heap before GC invocations=130 (full 0):
 garbage-first heap   total 2138112K, used 1754232K [0x0000000600000000, 0x0000000800000000)
  region size 4096K, 313 young (1282048K), 6 survivors (24576K)
 Metaspace       used 210302K, committed 213376K, reserved 1245184K
  class space    used 26498K, committed 27968K, reserved 1048576K
}

Dll operation events (3 events):
Event: 1.178 Loaded shared library C:\Program Files\Android\Android Studio\jbr\bin\java.dll
Event: 1.193 Loaded shared library C:\Program Files\Android\Android Studio\jbr\bin\zip.dll
Event: 1.884 Loaded shared library C:\Program Files\Android\Android Studio\jbr\bin\verify.dll

Deoptimization events (20 events):
Event: 185.950 Thread 0x0000015778dd40c0 DEOPT PACKING pc=0x0000015710eb65d8 sp=0x0000001adbbf8730
Event: 185.950 Thread 0x0000015778dd40c0 DEOPT UNPACKING pc=0x000001570fd846a2 sp=0x0000001adbbf86b8 mode 2
Event: 186.499 Thread 0x0000015730273300 DEOPT PACKING pc=0x0000015700fe38c0 sp=0x0000001ae45fdbd0
Event: 186.500 Thread 0x0000015730273300 DEOPT UNPACKING pc=0x000001570fd84e42 sp=0x0000001ae45fd0e0 mode 0
Event: 191.144 Thread 0x000001572e847c60 DEOPT PACKING pc=0x00000157037e44e1 sp=0x0000001ae51fb7b0
Event: 191.144 Thread 0x000001572e847c60 DEOPT UNPACKING pc=0x000001570fd84e42 sp=0x0000001ae51fac68 mode 0
Event: 191.153 Thread 0x0000015730276e10 DEOPT PACKING pc=0x00000157037e44e1 sp=0x0000001ae4dfbb50
Event: 191.153 Thread 0x0000015730276e10 DEOPT UNPACKING pc=0x000001570fd84e42 sp=0x0000001ae4dfb008 mode 0
Event: 191.683 Thread 0x00000157201de340 Uncommon trap: trap_request=0xffffff45 fr.pc=0x0000015711e6cae8 relative=0x00000000000001c8
Event: 191.683 Thread 0x00000157201de340 Uncommon trap: reason=unstable_if action=reinterpret pc=0x0000015711e6cae8 method=java.util.concurrent.locks.AbstractQueuedSynchronizer.hasQueuedPredecessors()Z @ 26 c2
Event: 191.683 Thread 0x00000157201de340 DEOPT PACKING pc=0x0000015711e6cae8 sp=0x0000001ae56fbea0
Event: 191.684 Thread 0x00000157201de340 DEOPT UNPACKING pc=0x000001570fd846a2 sp=0x0000001ae56fbde8 mode 2
Event: 193.803 Thread 0x00000157201de9d0 Uncommon trap: trap_request=0xffffff45 fr.pc=0x0000015710fe9d58 relative=0x0000000000001298
Event: 193.803 Thread 0x00000157201de9d0 Uncommon trap: reason=unstable_if action=reinterpret pc=0x0000015710fe9d58 method=java.util.concurrent.ConcurrentHashMap.putVal(Ljava/lang/Object;Ljava/lang/Object;Z)Ljava/lang/Object; @ 197 c2
Event: 193.803 Thread 0x00000157201de9d0 DEOPT PACKING pc=0x0000015710fe9d58 sp=0x0000001ae58fb9f0
Event: 193.803 Thread 0x00000157201de9d0 DEOPT UNPACKING pc=0x000001570fd846a2 sp=0x0000001ae58fb960 mode 2
Event: 193.828 Thread 0x00000157201daec0 Uncommon trap: trap_request=0xffffffde fr.pc=0x0000015711af6af0 relative=0x00000000000001b0
Event: 193.828 Thread 0x00000157201daec0 Uncommon trap: reason=class_check action=maybe_recompile pc=0x0000015711af6af0 method=java.util.concurrent.ConcurrentHashMap$ForwardingNode.find(ILjava/lang/Object;)Ljava/util/concurrent/ConcurrentHashMap$Node; @ 71 c2
Event: 193.828 Thread 0x00000157201daec0 DEOPT PACKING pc=0x0000015711af6af0 sp=0x0000001ae57fb7a0
Event: 193.828 Thread 0x00000157201daec0 DEOPT UNPACKING pc=0x000001570fd846a2 sp=0x0000001ae57fb708 mode 2

Classes loaded (20 events):
Event: 179.503 Loading class java/util/regex/Pattern$MULTILINE
Event: 179.503 Loading class java/util/regex/Pattern$MULTILINE done
Event: 179.552 Loading class java/util/regex/PatternBeanInfo
Event: 179.552 Loading class java/util/regex/PatternBeanInfo done
Event: 179.552 Loading class java/util/regex/PatternBeanInfo
Event: 179.552 Loading class java/util/regex/PatternBeanInfo done
Event: 179.552 Loading class java/util/regex/PatternCustomizer
Event: 179.552 Loading class java/util/regex/PatternCustomizer done
Event: 179.552 Loading class java/util/regex/PatternCustomizer
Event: 179.552 Loading class java/util/regex/PatternCustomizer done
Event: 179.556 Loading class java/util/regex/MatcherBeanInfo
Event: 179.556 Loading class java/util/regex/MatcherBeanInfo done
Event: 179.556 Loading class java/util/regex/MatcherBeanInfo
Event: 179.556 Loading class java/util/regex/MatcherBeanInfo done
Event: 179.556 Loading class java/util/regex/MatcherCustomizer
Event: 179.556 Loading class java/util/regex/MatcherCustomizer done
Event: 179.556 Loading class java/util/regex/MatcherCustomizer
Event: 179.556 Loading class java/util/regex/MatcherCustomizer done
Event: 180.339 Loading class java/util/regex/Pattern$Pos
Event: 180.340 Loading class java/util/regex/Pattern$Pos done

Classes unloaded (12 events):
Event: 133.999 Thread 0x0000015772c0a820 Unloading class 0x0000000801820be8 '_BuildScript_$_run_closure1'
Event: 134.000 Thread 0x0000015772c0a820 Unloading class 0x00000008018206a8 '_BuildScript_'
Event: 134.000 Thread 0x0000015772c0a820 Unloading class 0x00000008018202a0 'NativePluginLoader$_getPlugins_closure1'
Event: 134.000 Thread 0x0000015772c0a820 Unloading class 0x0000000801820000 'NativePluginLoader'
Event: 134.000 Thread 0x0000015772c0a820 Unloading class 0x0000000801594be8 '_BuildScript_$_run_closure1'
Event: 134.000 Thread 0x0000015772c0a820 Unloading class 0x00000008015946a8 '_BuildScript_'
Event: 134.001 Thread 0x0000015772c0a820 Unloading class 0x00000008015942a0 'NativePluginLoader$_getPlugins_closure1'
Event: 134.001 Thread 0x0000015772c0a820 Unloading class 0x0000000801594000 'NativePluginLoader'
Event: 166.609 Thread 0x0000015772c0a820 Unloading class 0x0000000801ac8000 '_BuildScript_$_run_closure1$_closure3'
Event: 166.610 Thread 0x0000015772c0a820 Unloading class 0x0000000801ac1960 '_BuildScript_$_run_closure1$_closure2'
Event: 166.610 Thread 0x0000015772c0a820 Unloading class 0x0000000801ac1558 '_BuildScript_$_run_closure1'
Event: 166.610 Thread 0x0000015772c0a820 Unloading class 0x0000000801ac1000 '_BuildScript_'

Classes redefined (0 events):
No events

Internal exceptions (20 events):
Event: 198.826 Thread 0x00000157201daec0 Exception <a 'sun/nio/fs/WindowsException'{0x000000067caec758}> (0x000000067caec758) 
thrown [s\src\hotspot\share\prims\jni.cpp, line 535]
Event: 199.064 Thread 0x00000157201dcf90 Exception <a 'sun/nio/fs/WindowsException'{0x00000006778586b0}> (0x00000006778586b0) 
thrown [s\src\hotspot\share\prims\jni.cpp, line 535]
Event: 199.067 Thread 0x00000157201dd620 Exception <a 'sun/nio/fs/WindowsException'{0x00000006810a4670}> (0x00000006810a4670) 
thrown [s\src\hotspot\share\prims\jni.cpp, line 535]
Event: 199.068 Thread 0x0000015778dd40c0 Exception <a 'sun/nio/fs/WindowsException'{0x0000000677cb1118}> (0x0000000677cb1118) 
thrown [s\src\hotspot\share\prims\jni.cpp, line 535]
Event: 199.093 Thread 0x00000157201daec0 Exception <a 'sun/nio/fs/WindowsException'{0x0000000676ddd798}> (0x0000000676ddd798) 
thrown [s\src\hotspot\share\prims\jni.cpp, line 535]
Event: 199.124 Thread 0x000001577c5e0cc0 Exception <a 'sun/nio/fs/WindowsException'{0x0000000676b75f78}> (0x0000000676b75f78) 
thrown [s\src\hotspot\share\prims\jni.cpp, line 535]
Event: 199.137 Thread 0x00000157201dc270 Exception <a 'sun/nio/fs/WindowsException'{0x0000000674fae3f0}> (0x0000000674fae3f0) 
thrown [s\src\hotspot\share\prims\jni.cpp, line 535]
Event: 200.259 Thread 0x00000157201dcf90 Exception <a 'sun/nio/fs/WindowsException'{0x0000000666473888}> (0x0000000666473888) 
thrown [s\src\hotspot\share\prims\jni.cpp, line 535]
Event: 200.272 Thread 0x00000157201db550 Exception <a 'sun/nio/fs/WindowsException'{0x00000006773c3570}> (0x00000006773c3570) 
thrown [s\src\hotspot\share\prims\jni.cpp, line 535]
Event: 200.296 Thread 0x00000157201de9d0 Exception <a 'sun/nio/fs/WindowsException'{0x0000000665ac6a40}> (0x0000000665ac6a40) 
thrown [s\src\hotspot\share\prims\jni.cpp, line 535]
Event: 200.306 Thread 0x0000015778dd40c0 Exception <a 'sun/nio/fs/WindowsException'{0x00000006662fd788}> (0x00000006662fd788) 
thrown [s\src\hotspot\share\prims\jni.cpp, line 535]
Event: 200.320 Thread 0x00000157201daec0 Exception <a 'sun/nio/fs/WindowsException'{0x0000000665d8dca0}> (0x0000000665d8dca0) 
thrown [s\src\hotspot\share\prims\jni.cpp, line 535]
Event: 200.334 Thread 0x00000157201df060 Exception <a 'sun/nio/fs/WindowsException'{0x0000000663403bd0}> (0x0000000663403bd0) 
thrown [s\src\hotspot\share\prims\jni.cpp, line 535]
Event: 200.370 Thread 0x00000157201dd620 Exception <a 'sun/nio/fs/WindowsException'{0x00000006643f2880}> (0x00000006643f2880) 
thrown [s\src\hotspot\share\prims\jni.cpp, line 535]
Event: 200.459 Thread 0x00000157201da1a0 Exception <a 'sun/nio/fs/WindowsException'{0x0000000661b89bc0}> (0x0000000661b89bc0) 
thrown [s\src\hotspot\share\prims\jni.cpp, line 535]
Event: 200.461 Thread 0x00000157201dc270 Exception <a 'sun/nio/fs/WindowsException'{0x0000000662a11270}> (0x0000000662a11270) 
thrown [s\src\hotspot\share\prims\jni.cpp, line 535]
Event: 200.462 Thread 0x000001577c5e0cc0 Exception <a 'sun/nio/fs/WindowsException'{0x0000000664e0d190}> (0x0000000664e0d190) 
thrown [s\src\hotspot\share\prims\jni.cpp, line 535]
Event: 200.464 Thread 0x00000157201dc900 Exception <a 'sun/nio/fs/WindowsException'{0x00000006647ba040}> (0x00000006647ba040) 
thrown [s\src\hotspot\share\prims\jni.cpp, line 535]
Event: 200.488 Thread 0x00000157201db550 Exception <a 'sun/nio/fs/WindowsException'{0x000000066315e740}> (0x000000066315e740) 
thrown [s\src\hotspot\share\prims\jni.cpp, line 535]
Event: 200.520 Thread 0x0000015778dd40c0 Exception <a 'sun/nio/fs/WindowsException'{0x000000065ef10f00}> (0x000000065ef10f00) 
thrown [s\src\hotspot\share\prims\jni.cpp, line 535]

ZGC Phase Switch (0 events):
No events

VM Operations (20 events):
Event: 194.460 Executing VM operation: G1CollectForAllocation (G1 Evacuation Pause) done
Event: 195.079 Executing VM operation: G1CollectForAllocation (G1 Evacuation Pause)
Event: 195.080 Executing VM operation: G1CollectForAllocation (G1 Evacuation Pause) done
Event: 195.080 Executing VM operation: G1CollectForAllocation (GCLocker Initiated GC)
Event: 195.196 Executing VM operation: G1CollectForAllocation (GCLocker Initiated GC) done
Event: 195.989 Executing VM operation: G1PauseRemark
Event: 196.314 Executing VM operation: G1PauseRemark done
Event: 196.443 Executing VM operation: G1PauseCleanup
Event: 196.469 Executing VM operation: G1PauseCleanup done
Event: 196.888 Executing VM operation: G1CollectForAllocation (G1 Evacuation Pause)
Event: 196.900 Executing VM operation: G1CollectForAllocation (G1 Evacuation Pause) done
Event: 196.900 Executing VM operation: G1CollectForAllocation (GCLocker Initiated GC)
Event: 196.977 Executing VM operation: G1CollectForAllocation (GCLocker Initiated GC) done
Event: 197.987 Executing VM operation: Cleanup
Event: 197.988 Executing VM operation: Cleanup done
Event: 198.553 Executing VM operation: G1CollectForAllocation (G1 Evacuation Pause)
Event: 198.677 Executing VM operation: G1CollectForAllocation (G1 Evacuation Pause) done
Event: 199.685 Executing VM operation: Cleanup
Event: 199.685 Executing VM operation: Cleanup done
Event: 207.771 Executing VM operation: G1CollectForAllocation (G1 Evacuation Pause)

Events (20 events):
Event: 196.301 Thread 0x0000015772c0a820 flushing nmethod 0x0000015710ab5c10
Event: 196.301 Thread 0x0000015772c0a820 flushing nmethod 0x0000015710a1ca90
Event: 196.301 Thread 0x0000015772c0a820 flushing nmethod 0x0000015710a16310
Event: 196.301 Thread 0x0000015772c0a820 flushing nmethod 0x00000157108cd310
Event: 196.302 Thread 0x0000015772c0a820 flushing nmethod 0x0000015710651690
Event: 196.302 Thread 0x0000015772c0a820 flushing nmethod 0x0000015710632d90
Event: 196.302 Thread 0x0000015772c0a820 flushing nmethod 0x0000015710786c10
Event: 196.302 Thread 0x0000015772c0a820 flushing nmethod 0x000001571077e810
Event: 196.302 Thread 0x0000015772c0a820 flushing nmethod 0x000001571052f910
Event: 196.302 Thread 0x0000015772c0a820 flushing nmethod 0x000001571055d590
Event: 196.303 Thread 0x0000015772c0a820 flushing nmethod 0x000001571064aa10
Event: 196.303 Thread 0x0000015772c0a820 flushing nmethod 0x0000015710645b10
Event: 196.303 Thread 0x0000015772c0a820 flushing nmethod 0x00000157105b1410
Event: 196.303 Thread 0x0000015772c0a820 flushing nmethod 0x000001571051fb10
Event: 196.304 Thread 0x0000015772c0a820 flushing nmethod 0x0000015710491710
Event: 196.304 Thread 0x0000015772c0a820 flushing nmethod 0x0000015710437c10
Event: 196.304 Thread 0x0000015772c0a820 flushing nmethod 0x0000015710476a90
Event: 196.304 Thread 0x0000015772c0a820 flushing nmethod 0x000001571046d510
Event: 196.304 Thread 0x0000015772c0a820 flushing nmethod 0x00000157103e5490
Event: 196.304 Thread 0x0000015772c0a820 flushing nmethod 0x000001571036a390


Dynamic libraries:
0x00007ff65df90000 - 0x00007ff65df9a000 	C:\Program Files\Android\Android Studio\jbr\bin\java.exe
0x00007fff9d5c0000 - 0x00007fff9d828000 	C:\WINDOWS\SYSTEM32\ntdll.dll
0x00007fff9b420000 - 0x00007fff9b4e9000 	C:\WINDOWS\System32\KERNEL32.DLL
0x00007fff9acc0000 - 0x00007fff9b0b1000 	C:\WINDOWS\System32\KERNELBASE.dll
0x00007fff9a880000 - 0x00007fff9a9cb000 	C:\WINDOWS\System32\ucrtbase.dll
0x00007fff70860000 - 0x00007fff70878000 	C:\Program Files\Android\Android Studio\jbr\bin\jli.dll
0x00007fff83e30000 - 0x00007fff83e4b000 	C:\Program Files\Android\Android Studio\jbr\bin\VCRUNTIME140.dll
0x00007fff9b850000 - 0x00007fff9ba16000 	C:\WINDOWS\System32\USER32.dll
0x00007fff99ea0000 - 0x00007fff99ec7000 	C:\WINDOWS\System32\win32u.dll
0x00007fff9b730000 - 0x00007fff9b75b000 	C:\WINDOWS\System32\GDI32.dll
0x00007fff8a570000 - 0x00007fff8a803000 	C:\WINDOWS\WinSxS\amd64_microsoft.windows.common-controls_6595b64144ccf1df_6.0.26100.7824_none_3e0870b2e3345462\COMCTL32.dll
0x00007fff9d3d0000 - 0x00007fff9d479000 	C:\WINDOWS\System32\msvcrt.dll
0x00007fff9b230000 - 0x00007fff9b35b000 	C:\WINDOWS\System32\gdi32full.dll
0x00007fff9a7d0000 - 0x00007fff9a873000 	C:\WINDOWS\System32\msvcp_win.dll
0x00007fff9b6b0000 - 0x00007fff9b6e1000 	C:\WINDOWS\System32\IMM32.DLL
0x00007fff95620000 - 0x00007fff9562c000 	C:\Program Files\Android\Android Studio\jbr\bin\vcruntime140_1.dll
0x00007fff66cc0000 - 0x00007fff66d4d000 	C:\Program Files\Android\Android Studio\jbr\bin\msvcp140.dll
0x00007ffefdeb0000 - 0x00007ffefeb2d000 	C:\Program Files\Android\Android Studio\jbr\bin\server\jvm.dll
0x00007fff9bfa0000 - 0x00007fff9c054000 	C:\WINDOWS\System32\ADVAPI32.dll
0x00007fff9cd00000 - 0x00007fff9cda6000 	C:\WINDOWS\System32\sechost.dll
0x00007fff9c0f0000 - 0x00007fff9c208000 	C:\WINDOWS\System32\RPCRT4.dll
0x00007fff9b760000 - 0x00007fff9b7d4000 	C:\WINDOWS\System32\WS2_32.dll
0x00007fff99d00000 - 0x00007fff99d5e000 	C:\WINDOWS\SYSTEM32\POWRPROF.dll
0x00007fff92de0000 - 0x00007fff92deb000 	C:\WINDOWS\SYSTEM32\VERSION.dll
0x00007fff8db40000 - 0x00007fff8db75000 	C:\WINDOWS\SYSTEM32\WINMM.dll
0x00007fff99ce0000 - 0x00007fff99cf4000 	C:\WINDOWS\SYSTEM32\UMPDC.dll
0x00007fff98c00000 - 0x00007fff98c1b000 	C:\WINDOWS\SYSTEM32\kernel.appcore.dll
0x00007fff8ec20000 - 0x00007fff8ec2a000 	C:\Program Files\Android\Android Studio\jbr\bin\jimage.dll
0x00007fff92130000 - 0x00007fff92372000 	C:\WINDOWS\SYSTEM32\DBGHELP.DLL
0x00007fff9c210000 - 0x00007fff9c596000 	C:\WINDOWS\System32\combase.dll
0x00007fff9bec0000 - 0x00007fff9bf97000 	C:\WINDOWS\System32\OLEAUT32.dll
0x00007fff7bb70000 - 0x00007fff7bbab000 	C:\WINDOWS\SYSTEM32\dbgcore.DLL
0x00007fff9aa90000 - 0x00007fff9ab35000 	C:\WINDOWS\System32\bcryptPrimitives.dll
0x00007fff7e2b0000 - 0x00007fff7e2be000 	C:\Program Files\Android\Android Studio\jbr\bin\instrument.dll
0x00007fff7d3b0000 - 0x00007fff7d3cf000 	C:\Program Files\Android\Android Studio\jbr\bin\java.dll
0x00007fff7c550000 - 0x00007fff7c568000 	C:\Program Files\Android\Android Studio\jbr\bin\zip.dll
0x00007fff9c5a0000 - 0x00007fff9ccf2000 	C:\WINDOWS\System32\SHELL32.dll
0x00007fff9b0c0000 - 0x00007fff9b22a000 	C:\WINDOWS\System32\wintypes.dll
0x00007fff99ed0000 - 0x00007fff9a733000 	C:\WINDOWS\System32\windows.storage.dll
0x00007fff9d2d0000 - 0x00007fff9d3c6000 	C:\WINDOWS\System32\SHCORE.dll
0x00007fff9d490000 - 0x00007fff9d4f7000 	C:\WINDOWS\System32\shlwapi.dll
0x00007fff99dc0000 - 0x00007fff99de9000 	C:\WINDOWS\SYSTEM32\profapi.dll
0x00007fff88c20000 - 0x00007fff88c30000 	C:\Program Files\Android\Android Studio\jbr\bin\net.dll
0x00007fff93750000 - 0x00007fff93877000 	C:\WINDOWS\SYSTEM32\WINHTTP.dll
0x00007fff99150000 - 0x00007fff991bb000 	C:\WINDOWS\system32\mswsock.dll
0x00007fff7c430000 - 0x00007fff7c446000 	C:\Program Files\Android\Android Studio\jbr\bin\nio.dll
0x00007fff7d470000 - 0x00007fff7d480000 	C:\Program Files\Android\Android Studio\jbr\bin\verify.dll
0x00007fff6a520000 - 0x00007fff6a547000 	C:\Users\danil\.gradle\native\1def1411415f61bf3af743bc5b6707747c0891f09f0c88961ee8f79bc544acac\windows-amd64\native-platform.dll
0x0000000058e40000 - 0x0000000058eb3000 	C:\Users\danil\.gradle\native\0.2.5\x86_64-windows-gnu\gradle-fileevents.dll
0x00007fff7e450000 - 0x00007fff7e459000 	C:\Program Files\Android\Android Studio\jbr\bin\management.dll
0x00007fff7dab0000 - 0x00007fff7dabb000 	C:\Program Files\Android\Android Studio\jbr\bin\management_ext.dll
0x00007fff9b7e0000 - 0x00007fff9b7e8000 	C:\WINDOWS\System32\PSAPI.DLL
0x00007fff99540000 - 0x00007fff9955b000 	C:\WINDOWS\SYSTEM32\CRYPTSP.dll
0x00007fff98b60000 - 0x00007fff98b99000 	C:\WINDOWS\system32\rsaenh.dll
0x00007fff99200000 - 0x00007fff9922b000 	C:\WINDOWS\SYSTEM32\USERENV.dll
0x00007fff99d90000 - 0x00007fff99dba000 	C:\WINDOWS\SYSTEM32\bcrypt.dll
0x00007fff993a0000 - 0x00007fff993ac000 	C:\WINDOWS\SYSTEM32\CRYPTBASE.dll
0x00007fff98600000 - 0x00007fff98634000 	C:\WINDOWS\SYSTEM32\IPHLPAPI.DLL
0x00007fff9d480000 - 0x00007fff9d48a000 	C:\WINDOWS\System32\NSI.dll
0x00007fff83e10000 - 0x00007fff83e19000 	C:\Program Files\Android\Android Studio\jbr\bin\extnet.dll
0x00007fff957b0000 - 0x00007fff957b8000 	C:\WINDOWS\system32\wshunix.dll
0x0000000058dc0000 - 0x0000000058e33000 	C:\Users\danil\AppData\Local\Temp\native-platform11391038211785804482dir\gradle-fileevents.dll
0x00007fff98640000 - 0x00007fff9876c000 	C:\WINDOWS\SYSTEM32\DNSAPI.dll
0x00007fff91960000 - 0x00007fff9196b000 	C:\Windows\System32\rasadhlp.dll
0x00007fff92c90000 - 0x00007fff92d16000 	C:\WINDOWS\System32\fwpuclnt.dll
0x00007fff98d20000 - 0x00007fff98d56000 	C:\WINDOWS\SYSTEM32\ntmarta.dll

dbghelp: loaded successfully - version: 4.0.5 - missing functions: none
symbol engine: initialized successfully - sym options: 0x614 - pdb path: .;C:\Program Files\Android\Android Studio\jbr\bin;C:\WINDOWS\SYSTEM32;C:\WINDOWS\WinSxS\amd64_microsoft.windows.common-controls_6595b64144ccf1df_6.0.26100.7824_none_3e0870b2e3345462;C:\Program Files\Android\Android Studio\jbr\bin\server;C:\Users\danil\.gradle\native\1def1411415f61bf3af743bc5b6707747c0891f09f0c88961ee8f79bc544acac\windows-amd64;C:\Users\danil\.gradle\native\0.2.5\x86_64-windows-gnu;C:\Users\danil\AppData\Local\Temp\native-platform11391038211785804482dir

VM Arguments:
jvm_args: --add-opens=java.base/java.lang=ALL-UNNAMED --add-opens=java.base/java.lang.invoke=ALL-UNNAMED --add-opens=java.base/java.util=ALL-UNNAMED --add-opens=java.prefs/java.util.prefs=ALL-UNNAMED --add-exports=jdk.compiler/com.sun.tools.javac.api=ALL-UNNAMED --add-exports=jdk.compiler/com.sun.tools.javac.util=ALL-UNNAMED --add-opens=java.base/java.util=ALL-UNNAMED --add-opens=java.prefs/java.util.prefs=ALL-UNNAMED --add-opens=java.base/java.nio.charset=ALL-UNNAMED --add-opens=java.base/java.net=ALL-UNNAMED --add-opens=java.base/java.util.concurrent.atomic=ALL-UNNAMED --add-opens=java.xml/javax.xml.namespace=ALL-UNNAMED -XX:MaxMetaspaceSize=4G -XX:ReservedCodeCacheSize=512m -XX:+HeapDumpOnOutOfMemoryError -Xmx8G -Dfile.encoding=UTF-8 -Duser.country=US -Duser.language=en -Duser.variant -javaagent:C:\Users\danil\.gradle\wrapper\dists\gradle-8.12-all\ejduaidbjup3bmmkhw3rie4zb\gradle-8.12\lib\agents\gradle-instrumentation-agent-8.12.jar 
java_command: org.gradle.launcher.daemon.bootstrap.GradleDaemon 8.12
java_class_path (initial): C:\Users\danil\.gradle\wrapper\dists\gradle-8.12-all\ejduaidbjup3bmmkhw3rie4zb\gradle-8.12\lib\gradle-daemon-main-8.12.jar
Launcher Type: SUN_STANDARD

[Global flags]
     intx CICompilerCount                          = 4                                         {product} {ergonomic}
     uint ConcGCThreads                            = 3                                         {product} {ergonomic}
     uint G1ConcRefinementThreads                  = 10                                        {product} {ergonomic}
   size_t G1HeapRegionSize                         = 4194304                                   {product} {ergonomic}
    uintx GCDrainStackTargetSize                   = 64                                        {product} {ergonomic}
     bool HeapDumpOnOutOfMemoryError               = true                                   {manageable} {command line}
   size_t InitialHeapSize                          = 134217728                                 {product} {ergonomic}
   size_t MarkStackSize                            = 4194304                                   {product} {ergonomic}
   size_t MaxHeapSize                              = 8589934592                                {product} {command line}
   size_t MaxMetaspaceSize                         = 4294967296                                {product} {command line}
   size_t MaxNewSize                               = 5150605312                                {product} {ergonomic}
   size_t MinHeapDeltaBytes                        = 4194304                                   {product} {ergonomic}
   size_t MinHeapSize                              = 8388608                                   {product} {ergonomic}
    uintx NonNMethodCodeHeapSize                   = 5839372                                {pd product} {ergonomic}
    uintx NonProfiledCodeHeapSize                  = 265515770                              {pd product} {ergonomic}
    uintx ProfiledCodeHeapSize                     = 265515770                              {pd product} {ergonomic}
    uintx ReservedCodeCacheSize                    = 536870912                              {pd product} {command line}
     bool SegmentedCodeCache                       = true                                      {product} {ergonomic}
   size_t SoftMaxHeapSize                          = 8589934592                             {manageable} {ergonomic}
     bool UseCompressedOops                        = true                           {product lp64_product} {ergonomic}
     bool UseG1GC                                  = true                                      {product} {ergonomic}
     bool UseLargePagesIndividualAllocation        = false                                  {pd product} {ergonomic}

Logging:
Log output configuration:
 #0: stdout all=warning uptime,level,tags foldmultilines=false
 #1: stderr all=off uptime,level,tags foldmultilines=false

Environment Variables:
JAVA_HOME=C:\Program Files\Android\Android Studio\jbr
CLASSPATH=C:\Users\danil\Desktop\INSTA DAM\INSTA-DAM\android\\gradle\wrapper\gradle-wrapper.jar
PATH=C:\Program Files\Android\Android Studio\jbr\bin;C:\Program Files (x86)\VMware\VMware Workstation\bin\;C:\Python314\Scripts\;C:\Python314\;C:\WINDOWS\system32;C:\WINDOWS;C:\WINDOWS\System32\Wbem;C:\WINDOWS\System32\WindowsPowerShell\v1.0\;C:\WINDOWS\System32\OpenSSH\;C:\Program Files\Git\cmd;C:\Program Files\nodejs\;C:\ProgramData\chocolatey\bin;C:\Program Files\Docker\Docker\resources\bin;C:\Users\danil\AppData\Roaming\npm;C:\Users\danil\AppData\Local\Microsoft\WindowsApps;C:\Users\danil\AppData\Local\Programs\Microsoft VS Code\bin;C:\Users\danil\AppData\Roaming\npm;C:\Users\danil\flutter\bin;C:\Users\danil\AppData\Local\Python\bin;C:\Users\danil\AppData\Local\Programs\Ollama;C:\Users\danil\AppData\Local\GitHubDesktop\bin;C:\Users\danil\AppData\Local\Microsoft\WinGet\Links;C:\Users\danil\AppData\Local\Programs\Antigravity\bin;C:\Users\danil\AppData\Local\Google\Cloud SDK\google-cloud-sdk\bin;C:\Users\danil\flutter\bin\mingit\cmd
USERNAME=danil
OS=Windows_NT
PROCESSOR_IDENTIFIER=AMD64 Family 25 Model 33 Stepping 2, AuthenticAMD
TMP=C:\Users\danil\AppData\Local\Temp
TEMP=C:\Users\danil\AppData\Local\Temp




Periodic native trim disabled

JNI global refs:
JNI global refs: 31, weak refs: 0

JNI global refs memory usage: 835, weak refs: 833

Process memory usage:
Resident Set Size: 830908K (9% of 8309164K total physical memory with 909212K free physical memory)

OOME stack traces (most recent first):
Classloader memory used:
Loader org.gradle.internal.classloader.VisitableURLClassLoader                         : 127M
Loader bootstrap                                                                       : 36580K
Loader org.gradle.internal.classloader.VisitableURLClassLoader$InstrumentingVisitableURLClassLoader: 25299K
Loader org.gradle.initialization.MixInLegacyTypesClassLoader                           : 15547K
Loader jdk.internal.loader.ClassLoaders$PlatformClassLoader                            : 816K
Loader jdk.internal.jrtfs.JrtFileSystemProvider$JrtFsLoader                            : 346K
Loader org.gradle.groovy.scripts.internal.DefaultScriptCompilationHandler$ScriptClassLoader: 337K
Loader org.codehaus.groovy.runtime.callsite.CallSiteClassLoader                        : 241K
Loader jdk.internal.loader.ClassLoaders$AppClassLoader                                 : 236K
Loader jdk.internal.reflect.DelegatingClassLoader                                      : 209K
Loader org.gradle.internal.classloader.VisitableURLClassLoader                         : 199K
Loader groovy.lang.GroovyClassLoader$InnerLoader                                       : 141K

Classes loaded by more than one classloader:
Class Program                                                                         : loaded 12 times (x 69B)
Class _BuildScript_$_run_closure1                                                     : loaded 7 times (x 129B)
Class _BuildScript_                                                                   : loaded 7 times (x 171B)
Class _BuildScript_$_run_closure1$_closure2                                           : loaded 5 times (x 129B)
Class Build_gradle$1                                                                  : loaded 4 times (x 72B)
Class Build_gradle                                                                    : loaded 4 times (x 127B)
Class Build_gradle$1$1                                                                : loaded 3 times (x 75B)
Class Settings_gradle                                                                 : loaded 3 times (x 125B)
Class _BuildScript_$_run_closure1$_closure3                                           : loaded 3 times (x 129B)
Class Build_gradle$2                                                                  : loaded 3 times (x 71B)
Class com.google.common.collect.ImmutableList$1                                       : loaded 2 times (x 94B)
Class org.gradle.api.internal.classpath.ManifestUtil                                  : loaded 2 times (x 68B)
Class com.google.gson.stream.MalformedJsonException                                   : loaded 2 times (x 79B)
Class com.google.common.collect.RegularImmutableMap                                   : loaded 2 times (x 118B)
Class com.google.common.collect.ImmutableMap$MapViewOfValuesAsSingletonSets           : loaded 2 times (x 122B)
Class [Lorg.objectweb.asm.Symbol;                                                     : loaded 2 times (x 66B)
Class org.objectweb.asm.ClassVisitor                                                  : loaded 2 times (x 85B)
Class com.google.common.collect.UnmodifiableListIterator                              : loaded 2 times (x 92B)
Class jdk.internal.jimage.decompressor.StringSharingDecompressorFactory               : loaded 2 times (x 71B)
Class com.google.common.base.Platform$JdkPatternCompiler                              : loaded 2 times (x 72B)
Class org.objectweb.asm.MethodTooLargeException                                       : loaded 2 times (x 80B)
Class [Lcom.google.common.cache.CacheBuilder$OneWeigher;                              : loaded 2 times (x 66B)
Class com.google.common.base.Suppliers                                                : loaded 2 times (x 68B)
Class org.gradle.internal.classloader.DefaultClassLoaderFactory                       : loaded 2 times (x 79B)
Class com.google.common.base.CharMatcher$None                                         : loaded 2 times (x 109B)
Class org.gradle.internal.classloader.ClassLoaderVisitor                              : loaded 2 times (x 73B)
Class [Lcom.google.common.collect.ImmutableMapEntry;                                  : loaded 2 times (x 66B)
Class org.gradle.api.internal.classpath.EffectiveClassPath                            : loaded 2 times (x 87B)
Class com.google.common.collect.ImmutableRangeSet                                     : loaded 2 times (x 112B)
Class com.google.common.collect.ImmutableEnumMap                                      : loaded 2 times (x 122B)
Class com.google.common.collect.ListMultimap                                          : loaded 2 times (x 67B)
Class com.google.common.collect.Iterators$EmptyModifiableIterator                     : loaded 2 times (x 83B)
Class com.google.common.collect.Sets$1                                                : loaded 2 times (x 136B)
Class org.objectweb.asm.AnnotationVisitor                                             : loaded 2 times (x 75B)
Class com.google.common.base.Splitter                                                 : loaded 2 times (x 69B)
Class org.gradle.api.internal.DefaultClassPathProvider                                : loaded 2 times (x 73B)
Class com.google.common.collect.Sets$2                                                : loaded 2 times (x 136B)
Class [Lorg.gradle.api.internal.ClassPathProvider;                                    : loaded 2 times (x 66B)
Class org.gradle.api.internal.ClassPathProvider                                       : loaded 2 times (x 67B)
Class com.google.common.collect.Sets$3                                                : loaded 2 times (x 136B)
Class com.google.common.util.concurrent.AbstractFuture$SafeAtomicHelper               : loaded 2 times (x 76B)
Class com.google.common.cache.LocalCache$LocalLoadingCache                            : loaded 2 times (x 131B)
Class com.google.common.base.AbstractIterator$State                                   : loaded 2 times (x 76B)
Class jdk.internal.jrtfs.SystemImage                                                  : loaded 2 times (x 71B)
Class org.gradle.internal.service.UnknownServiceException                             : loaded 2 times (x 80B)
Class com.google.common.collect.Sets$4                                                : loaded 2 times (x 136B)
Class org.objectweb.asm.ModuleVisitor                                                 : loaded 2 times (x 78B)
Class com.google.common.cache.LocalCache$Strength$1                                   : loaded 2 times (x 78B)
Class com.google.common.util.concurrent.SettableFuture                                : loaded 2 times (x 111B)
Class com.google.common.cache.LocalCache$Strength$2                                   : loaded 2 times (x 78B)
Class com.google.common.cache.LocalCache$Strength$3                                   : loaded 2 times (x 78B)
Class com.google.common.collect.MapDifference                                         : loaded 2 times (x 67B)
Class com.google.common.base.Splitter$1                                               : loaded 2 times (x 74B)
Class org.objectweb.asm.FieldWriter                                                   : loaded 2 times (x 75B)
Class com.google.common.cache.CacheBuilder$NullListener                               : loaded 2 times (x 79B)
Class org.gradle.internal.classpath.TransformedClassPath                              : loaded 2 times (x 93B)
Class org.gradle.internal.classloader.InstrumentingClassLoader                        : loaded 2 times (x 67B)
Class com.google.common.collect.ImmutableRangeSet$AsSet                               : loaded 2 times (x 296B)
Class com.google.common.cache.CacheLoader$FunctionToCacheLoader                       : loaded 2 times (x 72B)
Class com.google.common.collect.Iterators$ArrayItr                                    : loaded 2 times (x 94B)
Class com.google.common.collect.ImmutableCollection$Builder                           : loaded 2 times (x 73B)
Class jdk.internal.jrtfs.SystemImage$1                                                : loaded 2 times (x 75B)
Class com.google.common.util.concurrent.ExecutionError                                : loaded 2 times (x 79B)
Class com.google.common.base.Joiner                                                   : loaded 2 times (x 76B)
Class com.google.common.base.MoreObjects                                              : loaded 2 times (x 68B)
Class jdk.internal.jrtfs.SystemImage$2                                                : loaded 2 times (x 73B)
Class [Lorg.objectweb.asm.Type;                                                       : loaded 2 times (x 66B)
Class com.google.common.collect.Platform                                              : loaded 2 times (x 68B)
Class com.google.common.collect.UnmodifiableIterator                                  : loaded 2 times (x 77B)
Class com.google.common.base.Splitter$5                                               : loaded 2 times (x 77B)
Class org.gradle.internal.service.ServiceLocator                                      : loaded 2 times (x 67B)
Class com.google.common.collect.SingletonImmutableBiMap                               : loaded 2 times (x 140B)
Class com.google.common.base.Ascii                                                    : loaded 2 times (x 68B)
Class com.google.common.cache.LocalCache$1                                            : loaded 2 times (x 86B)
Class com.google.common.collect.AbstractMapEntry                                      : loaded 2 times (x 78B)
Class jdk.internal.jrtfs.JrtFileSystemProvider                                        : loaded 2 times (x 98B)
Class com.google.common.collect.Sets$ImprovedAbstractSet                              : loaded 2 times (x 132B)
Class com.google.common.collect.ImmutableList$Builder                                 : loaded 2 times (x 74B)
Class com.google.common.cache.LocalCache$2                                            : loaded 2 times (x 139B)
Class com.google.common.collect.AbstractMultimap                                      : loaded 2 times (x 120B)
Class com.google.common.collect.ImmutableRangeSet$1                                   : loaded 2 times (x 206B)
Class com.google.common.util.concurrent.AbstractFuture$UnsafeAtomicHelper$1           : loaded 2 times (x 73B)
Class com.google.common.collect.RegularImmutableAsList                                : loaded 2 times (x 213B)
Class com.google.common.collect.Range                                                 : loaded 2 times (x 84B)
Class com.google.common.util.concurrent.AbstractFuture$Trusted                        : loaded 2 times (x 67B)
Class com.google.common.collect.Iterators                                             : loaded 2 times (x 68B)
Class com.google.common.base.CharMatcher$RangesMatcher                                : loaded 2 times (x 109B)
Class com.google.common.util.concurrent.UncheckedExecutionException                   : loaded 2 times (x 79B)
Class com.google.common.collect.Lists$StringAsImmutableList                           : loaded 2 times (x 204B)
Class jdk.internal.jimage.ImageLocation                                               : loaded 2 times (x 87B)
Class jdk.internal.jrtfs.JrtDirectoryStream$1                                         : loaded 2 times (x 80B)
Class com.google.common.collect.ImmutableSortedSetFauxverideShim                      : loaded 2 times (x 144B)
Class com.google.common.base.CharMatcher$JavaLetterOrDigit                            : loaded 2 times (x 108B)
Class org.gradle.internal.InternalTransformer                                         : loaded 2 times (x 67B)
Class NativePluginLoader                                                              : loaded 2 times (x 90B)
Class com.google.common.collect.AbstractMapBasedMultimap$KeySet$1                     : loaded 2 times (x 79B)
Class org.objectweb.asm.ClassWriter                                                   : loaded 2 times (x 103B)
Class com.google.common.cache.CacheLoader$UnsupportedLoadingOperationException        : loaded 2 times (x 79B)
Class com.google.common.base.CharMatcher$And                                          : loaded 2 times (x 109B)
Class jdk.internal.jimage.ImageBufferCache$1                                          : loaded 2 times (x 80B)
Class org.gradle.internal.classloader.ClasspathUtil$1                                 : loaded 2 times (x 73B)
Class com.google.common.collect.AbstractMapBasedMultimap$Itr                          : loaded 2 times (x 80B)
Class org.objectweb.asm.FieldVisitor                                                  : loaded 2 times (x 74B)
Class com.google.common.collect.IndexedImmutableSet                                   : loaded 2 times (x 147B)
Class com.google.common.collect.ImmutableMap$1                                        : loaded 2 times (x 78B)
Class com.google.common.collect.BiMap                                                 : loaded 2 times (x 67B)
Class jdk.internal.jimage.ImageBufferCache$2                                          : loaded 2 times (x 88B)
Class org.gradle.api.internal.classpath.DefaultModuleRegistry$DefaultModule           : loaded 2 times (x 83B)
Class native_plugin_loader_elyydqi0pxe78nwbvdiiop9l2$_run_closure1                    : loaded 2 times (x 136B)
Class com.google.common.primitives.Ints                                               : loaded 2 times (x 68B)
Class com.google.common.collect.AbstractIterator                                      : loaded 2 times (x 79B)
Class com.google.common.math.MathPreconditions                                        : loaded 2 times (x 68B)
Class com.google.common.collect.Multiset                                              : loaded 2 times (x 67B)
Class com.google.common.collect.ArrayListMultimapGwtSerializationDependencies         : loaded 2 times (x 169B)
Class com.google.common.collect.ObjectArrays                                          : loaded 2 times (x 68B)
Class com.google.common.collect.AbstractIndexedListIterator                           : loaded 2 times (x 93B)
Class com.google.common.collect.ImmutableMapEntrySet                                  : loaded 2 times (x 148B)
Class org.gradle.api.internal.classpath.Module                                        : loaded 2 times (x 67B)
Class com.google.common.cache.Weigher                                                 : loaded 2 times (x 67B)
Class org.gradle.api.internal.classpath.UnknownModuleException                        : loaded 2 times (x 79B)
Class com.google.common.base.Stopwatch                                                : loaded 2 times (x 69B)
Class com.google.common.cache.LocalCache$Strength                                     : loaded 2 times (x 78B)
Class com.google.common.cache.Cache                                                   : loaded 2 times (x 67B)
Class com.google.gson.stream.JsonReader$1                                             : loaded 2 times (x 69B)
Class jdk.internal.jimage.ImageHeader                                                 : loaded 2 times (x 68B)
Class com.google.common.util.concurrent.AbstractFuture$Cancellation                   : loaded 2 times (x 69B)
Class com.google.common.collect.ImmutableMap$Builder                                  : loaded 2 times (x 79B)
Class com.google.common.base.NullnessCasts                                            : loaded 2 times (x 68B)
Class com.google.common.cache.RemovalListener                                         : loaded 2 times (x 67B)
Class org.gradle.api.internal.DefaultClassPathRegistry                                : loaded 2 times (x 73B)
Class com.google.common.primitives.IntsMethodsForWeb                                  : loaded 2 times (x 68B)
Class com.google.common.collect.Multimap                                              : loaded 2 times (x 67B)
Class org.gradle.api.internal.ClassPathRegistry                                       : loaded 2 times (x 67B)
Class org.gradle.internal.classpath.DefaultClassPath$ImmutableUniqueList              : loaded 2 times (x 196B)
Class NativePluginLoader$_getPlugins_closure1                                         : loaded 2 times (x 137B)
Class jdk.internal.jimage.decompressor.ResourceDecompressor                           : loaded 2 times (x 67B)
Class com.google.common.collect.ImmutableEnumSet                                      : loaded 2 times (x 143B)
Class com.google.common.cache.CacheBuilder                                            : loaded 2 times (x 69B)
Class com.google.common.collect.SingletonImmutableList                                : loaded 2 times (x 204B)
Class Settings_gradle$1                                                               : loaded 2 times (x 71B)
Class org.gradle.internal.classpath.ClassPath                                         : loaded 2 times (x 67B)
Class org.gradle.api.UncheckedIOException                                             : loaded 2 times (x 79B)
Class com.google.common.collect.ImmutableList$ReverseImmutableList                    : loaded 2 times (x 205B)
Class com.google.common.base.JdkPattern                                               : loaded 2 times (x 72B)
Class org.objectweb.asm.SymbolTable$Entry                                             : loaded 2 times (x 71B)
Class com.google.common.util.concurrent.AbstractFuture$AtomicHelper                   : loaded 2 times (x 75B)
Class com.google.gson.internal.JsonReaderInternalAccess                               : loaded 2 times (x 69B)
Class org.objectweb.asm.Edge                                                          : loaded 2 times (x 69B)
Class com.google.common.base.Suppliers$SupplierOfInstance                             : loaded 2 times (x 76B)
Class com.google.common.collect.Iterators$1                                           : loaded 2 times (x 78B)
Class jdk.internal.jimage.ImageStringsReader                                          : loaded 2 times (x 77B)
Class Dependency_version_checker_gradle                                               : loaded 2 times (x 127B)
Class com.google.common.cache.LocalCache$ComputingValueReference                      : loaded 2 times (x 93B)
Class com.google.common.collect.SingletonImmutableSet                                 : loaded 2 times (x 143B)
Class org.gradle.internal.classloader.ClassLoaderHierarchy                            : loaded 2 times (x 67B)
Class build_3317ruzshkqovqsgi3g8hs8hv$_run_closure1$_closure3                         : loaded 2 times (x 136B)
Class com.google.common.cache.LocalCache$Segment                                      : loaded 2 times (x 151B)
Class jdk.internal.jimage.ImageReader                                                 : loaded 2 times (x 72B)
Class jdk.internal.jimage.BasicImageReader                                            : loaded 2 times (x 92B)
Class com.google.common.collect.SortedIterable                                        : loaded 2 times (x 67B)
Class [Lorg.objectweb.asm.SymbolTable$Entry;                                          : loaded 2 times (x 66B)
Class com.google.common.cache.CacheLoader                                             : loaded 2 times (x 71B)
Class com.google.common.collect.Iterators$4                                           : loaded 2 times (x 79B)
Class com.google.common.collect.ImmutableBiMap                                        : loaded 2 times (x 140B)
Class com.google.common.collect.AbstractListMultimap                                  : loaded 2 times (x 169B)
Class jdk.internal.jimage.ImageReader$SharedImageReader                               : loaded 2 times (x 92B)
Class org.gradle.internal.installation.GradleInstallation$1                           : loaded 2 times (x 72B)
Class org.gradle.api.internal.classpath.ModuleRegistry                                : loaded 2 times (x 67B)
Class com.google.common.util.concurrent.internal.InternalFutureFailureAccess          : loaded 2 times (x 69B)
Class com.google.common.collect.Iterators$5                                           : loaded 2 times (x 79B)
Class com.google.common.collect.ImmutableSet$JdkBackedSetBuilderImpl                  : loaded 2 times (x 73B)
Class com.google.common.base.Splitter$SplittingIterator                               : loaded 2 times (x 81B)
Class jdk.internal.jimage.decompressor.ResourceDecompressorFactory                    : loaded 2 times (x 71B)
Class build_3n799cyjb6phpv0gcbotnqlis$_run_closure1$_closure2                         : loaded 2 times (x 136B)
Class com.google.common.util.concurrent.AbstractFuture$UnsafeAtomicHelper             : loaded 2 times (x 75B)
Class com.google.common.cache.LocalCache$LocalManualCache$1                           : loaded 2 times (x 72B)
Class com.google.common.base.CharMatcher$ForPredicate                                 : loaded 2 times (x 109B)
Class com.google.common.collect.ImmutableCollection                                   : loaded 2 times (x 122B)
Class com.google.common.base.CharMatcher$AnyOf                                        : loaded 2 times (x 109B)
Class jdk.internal.jimage.ImageReader$Node                                            : loaded 2 times (x 81B)
Class org.gradle.api.internal.classpath.DefaultModuleRegistry                         : loaded 2 times (x 83B)
Class native_plugin_loader_elyydqi0pxe78nwbvdiiop9l2                                  : loaded 2 times (x 174B)
Class com.google.common.util.concurrent.ListenableFuture                              : loaded 2 times (x 67B)
Class com.google.common.cache.ReferenceEntry                                          : loaded 2 times (x 67B)
Class com.google.common.collect.ImmutableSet$CachingAsList                            : loaded 2 times (x 144B)
Class com.google.common.base.Converter                                                : loaded 2 times (x 87B)
Class com.google.common.collect.Lists                                                 : loaded 2 times (x 68B)
Class com.google.common.base.CharMatcher$Any                                          : loaded 2 times (x 109B)
Class jdk.internal.jimage.BasicImageReader$1                                          : loaded 2 times (x 74B)
Class com.google.common.util.concurrent.AbstractFuture                                : loaded 2 times (x 103B)
Class com.google.common.base.FunctionalEquivalence                                    : loaded 2 times (x 80B)
Class com.google.common.collect.Iterators$9                                           : loaded 2 times (x 78B)
Class com.google.common.collect.AbstractMapBasedMultimap                              : loaded 2 times (x 136B)
Class com.google.common.collect.ImmutableAsList                                       : loaded 2 times (x 206B)
Class org.objectweb.asm.RecordComponentVisitor                                        : loaded 2 times (x 74B)
Class com.google.common.cache.CacheLoader$SupplierToCacheLoader                       : loaded 2 times (x 72B)
Class com.google.common.collect.Maps$EntryTransformer                                 : loaded 2 times (x 67B)
Class jdk.internal.jimage.decompressor.Decompressor                                   : loaded 2 times (x 69B)
Class jdk.internal.jimage.ImageReader$Resource                                        : loaded 2 times (x 81B)
Class org.gradle.internal.service.ServiceLookupException                              : loaded 2 times (x 79B)
Class build_3317ruzshkqovqsgi3g8hs8hv$_run_closure1                                   : loaded 2 times (x 136B)
Class com.google.common.collect.ImmutableSortedSet                                    : loaded 2 times (x 296B)
Class [Lcom.google.common.cache.LocalCache$EntryFactory;                              : loaded 2 times (x 66B)
Class com.google.common.base.CharMatcher$JavaLetter                                   : loaded 2 times (x 108B)
Class jdk.internal.jrtfs.JrtFileAttributes                                            : loaded 2 times (x 80B)
Class org.gradle.internal.classloader.ClassLoaderFactory                              : loaded 2 times (x 67B)
Class NativePluginLoader$getDependenciesMetadata$0                                    : loaded 2 times (x 149B)
Class com.google.common.cache.LocalCache$LocalManualCache                             : loaded 2 times (x 96B)
Class com.google.common.base.CharMatcher$IsNot                                        : loaded 2 times (x 108B)
Class com.google.common.base.CommonPattern                                            : loaded 2 times (x 71B)
Class org.gradle.internal.service.CachingServiceLocator                               : loaded 2 times (x 79B)
Class com.google.common.collect.AbstractMapBasedMultimap$KeySet                       : loaded 2 times (x 134B)
Class com.google.common.collect.RegularImmutableSortedSet                             : loaded 2 times (x 296B)
Class com.google.common.math.IntMath                                                  : loaded 2 times (x 68B)
Class org.objectweb.asm.commons.InstructionAdapter                                    : loaded 2 times (x 185B)
Class com.google.common.collect.Iterators$10                                          : loaded 2 times (x 78B)
Class com.google.common.collect.ImmutableMapEntry                                     : loaded 2 times (x 82B)
Class com.google.common.base.CharMatcher$JavaDigit                                    : loaded 2 times (x 108B)
Class build_3n799cyjb6phpv0gcbotnqlis$_run_closure1                                   : loaded 2 times (x 136B)
Class com.google.common.base.Equivalence                                              : loaded 2 times (x 79B)
Class com.google.common.collect.ImmutableMapEntry$NonTerminalImmutableMapEntry        : loaded 2 times (x 82B)
Class com.google.common.base.Function                                                 : loaded 2 times (x 67B)
Class com.google.common.cache.CacheBuilder$OneWeigher                                 : loaded 2 times (x 79B)
Class com.google.common.collect.RegularImmutableList                                  : loaded 2 times (x 209B)
Class com.google.common.collect.ImmutableBiMapFauxverideShim                          : loaded 2 times (x 117B)
Class jdk.internal.jimage.ImageBufferCache                                            : loaded 2 times (x 68B)
Class jdk.internal.jrtfs.JrtPath                                                      : loaded 2 times (x 115B)
Class org.gradle.internal.classloader.ClasspathUtil                                   : loaded 2 times (x 68B)
Class com.google.common.base.Charsets                                                 : loaded 2 times (x 68B)
Class com.google.common.util.concurrent.Uninterruptibles                              : loaded 2 times (x 68B)
Class com.google.common.collect.Maps                                                  : loaded 2 times (x 68B)
Class com.google.common.base.CharMatcher$JavaUpperCase                                : loaded 2 times (x 108B)
Class org.gradle.api.specs.Spec                                                       : loaded 2 times (x 67B)
Class [Lcom.google.common.collect.ImmutableEntry;                                     : loaded 2 times (x 66B)
Class jdk.internal.jimage.ImageReader$SharedImageReader$LocationVisitor               : loaded 2 times (x 67B)
Class com.google.common.cache.LocalCache$LoadingValueReference                        : loaded 2 times (x 93B)
Class com.google.common.base.CharMatcher$IsEither                                     : loaded 2 times (x 108B)
Class com.google.common.base.Platform                                                 : loaded 2 times (x 68B)
Class jdk.internal.jimage.decompressor.ResourceDecompressorRepository                 : loaded 2 times (x 68B)
Class [Lcom.google.common.base.AbstractIterator$State;                                : loaded 2 times (x 66B)
Class com.google.common.primitives.Ints$IntConverter                                  : loaded 2 times (x 87B)
Class com.google.common.collect.Maps$8                                                : loaded 2 times (x 79B)
Class jdk.internal.jimage.ImageReader$Directory                                       : loaded 2 times (x 81B)
Class com.google.common.collect.ImmutableRangeSet$Builder                             : loaded 2 times (x 74B)
Class [Lcom.google.common.collect.Iterators$EmptyModifiableIterator;                  : loaded 2 times (x 66B)
Class com.google.common.collect.Sets$SetView                                          : loaded 2 times (x 135B)
Class com.google.common.cache.LocalCache$StrongValueReference                         : loaded 2 times (x 87B)
Class com.google.common.util.concurrent.AbstractFuture$SynchronizedHelper             : loaded 2 times (x 75B)
Class com.google.common.base.CharMatcher$Invisible                                    : loaded 2 times (x 109B)
Class org.gradle.internal.classloader.FilteringClassLoader                            : loaded 2 times (x 102B)
Class [Lcom.google.gson.stream.JsonToken;                                             : loaded 2 times (x 66B)
Class org.objectweb.asm.Type                                                          : loaded 2 times (x 69B)
Class org.gradle.internal.classloader.VisitableURLClassLoader$InstrumentingVisitableURLClassLoader: loaded 2 times (x 120B)
Class com.google.common.collect.RegularImmutableMap$KeySet                            : loaded 2 times (x 147B)
Class org.objectweb.asm.ByteVector                                                    : loaded 2 times (x 76B)
Class [Lcom.google.common.cache.CacheBuilder$NullListener;                            : loaded 2 times (x 66B)
Class com.google.common.math.IntMath$1                                                : loaded 2 times (x 68B)
Class org.gradle.internal.classloader.VisitableURLClassLoader$Spec                    : loaded 2 times (x 71B)
Class org.gradle.internal.classpath.DefaultClassPath                                  : loaded 2 times (x 87B)
Class org.objectweb.asm.Symbol                                                        : loaded 2 times (x 70B)
Class com.google.common.base.AbstractIterator                                         : loaded 2 times (x 77B)
Class jdk.internal.jimage.decompressor.ZipDecompressorFactory                         : loaded 2 times (x 71B)
Class com.google.common.collect.ImmutableSet                                          : loaded 2 times (x 142B)
Class com.google.common.collect.RegularImmutableMap$Values                            : loaded 2 times (x 204B)
Class com.google.common.base.CharMatcher$BitSetMatcher                                : loaded 2 times (x 109B)
Class com.google.common.base.CharMatcher$Ascii                                        : loaded 2 times (x 109B)
Class org.gradle.internal.classloader.ClassLoaderSpec                                 : loaded 2 times (x 68B)
Class org.objectweb.asm.AnnotationWriter                                              : loaded 2 times (x 76B)
Class com.google.common.cache.CacheStats                                              : loaded 2 times (x 68B)
Class org.objectweb.asm.RecordComponentWriter                                         : loaded 2 times (x 75B)
Class com.google.common.util.concurrent.AbstractFuture$Listener                       : loaded 2 times (x 69B)
Class com.google.common.base.CharMatcher$Or                                           : loaded 2 times (x 109B)
Class Settings_gradle$1$1                                                             : loaded 2 times (x 71B)
Class org.objectweb.asm.Attribute                                                     : loaded 2 times (x 74B)
Class com.google.common.base.Supplier                                                 : loaded 2 times (x 67B)
Class org.gradle.internal.classloader.VisitableURLClassLoader                         : loaded 2 times (x 114B)
Class com.google.common.base.Equivalence$Identity                                     : loaded 2 times (x 79B)
Class com.google.common.util.concurrent.AbstractFuture$Waiter                         : loaded 2 times (x 69B)
Class org.gradle.internal.Cast                                                        : loaded 2 times (x 68B)
Class org.gradle.api.Action                                                           : loaded 2 times (x 67B)
Class com.google.common.base.Strings                                                  : loaded 2 times (x 68B)
Class com.google.common.collect.Sets                                                  : loaded 2 times (x 68B)
Class org.objectweb.asm.Handler                                                       : loaded 2 times (x 69B)
Class com.google.common.base.Ticker                                                   : loaded 2 times (x 69B)
Class com.google.common.base.CharMatcher$FastMatcher                                  : loaded 2 times (x 108B)
Class jdk.internal.jimage.decompressor.ZipDecompressor                                : loaded 2 times (x 72B)
Class [Lcom.google.common.cache.LocalCache$Segment;                                   : loaded 2 times (x 66B)
Class [Lcom.google.common.cache.LocalCache$Strength;                                  : loaded 2 times (x 66B)
Class com.google.common.cache.CacheBuilder$1                                          : loaded 2 times (x 82B)
Class com.google.common.collect.ImmutableMap                                          : loaded 2 times (x 117B)
Class com.google.common.base.Predicate                                                : loaded 2 times (x 67B)
Class org.gradle.internal.classpath.DefaultClassPath$ImmutableUniqueList$Builder      : loaded 2 times (x 72B)
Class com.google.gson.stream.JsonToken                                                : loaded 2 times (x 76B)
Class com.google.common.collect.AbstractRangeSet                                      : loaded 2 times (x 111B)
Class com.google.common.cache.LocalCache                                              : loaded 2 times (x 184B)
Class com.google.common.cache.CacheBuilder$2                                          : loaded 2 times (x 69B)
Class com.google.common.base.CharMatcher$NegatedFastMatcher                           : loaded 2 times (x 110B)
Class [Lcom.google.common.collect.AbstractMapEntry;                                   : loaded 2 times (x 66B)
Class com.google.common.collect.ImmutableEntry                                        : loaded 2 times (x 79B)
Class com.google.common.collect.ArrayListMultimap                                     : loaded 2 times (x 169B)
Class com.google.common.base.AbstractIterator$1                                       : loaded 2 times (x 68B)
Class com.google.common.base.CharMatcher$Digit                                        : loaded 2 times (x 109B)
Class org.gradle.api.GradleException                                                  : loaded 2 times (x 79B)
Class com.google.common.collect.CollectPreconditions                                  : loaded 2 times (x 68B)
Class com.google.common.base.CharMatcher$JavaIsoControl                               : loaded 2 times (x 109B)
Class jdk.internal.jimage.ImageStrings                                                : loaded 2 times (x 67B)
Class com.google.common.collect.SortedMapDifference                                   : loaded 2 times (x 67B)
Class com.google.common.base.CharMatcher$JavaLowerCase                                : loaded 2 times (x 108B)
Class com.google.common.collect.ImmutableMap$IteratorBasedImmutableMap                : loaded 2 times (x 122B)
Class com.google.common.cache.LocalCache$EntryFactory                                 : loaded 2 times (x 80B)
Class com.google.common.cache.LocalCache$AbstractReferenceEntry                       : loaded 2 times (x 104B)
Class com.google.common.base.Splitter$1$1                                             : loaded 2 times (x 83B)
Class com.google.common.base.CharMatcher$Whitespace                                   : loaded 2 times (x 109B)
Class org.gradle.internal.IoActions                                                   : loaded 2 times (x 68B)
Class com.google.common.collect.ImmutableRangeSet$ComplementRanges                    : loaded 2 times (x 204B)
Class org.objectweb.asm.SymbolTable                                                   : loaded 2 times (x 69B)
Class com.google.common.cache.CacheLoader$InvalidCacheLoadException                   : loaded 2 times (x 79B)
Class com.google.common.collect.ImmutableSet$RegularSetBuilderImpl                    : loaded 2 times (x 74B)
Class com.google.common.base.CharMatcher$SingleWidth                                  : loaded 2 times (x 109B)
Class org.gradle.internal.classloader.SystemClassLoaderSpec                           : loaded 2 times (x 68B)
Class build_3n799cyjb6phpv0gcbotnqlis                                                 : loaded 2 times (x 178B)
Class build_3317ruzshkqovqsgi3g8hs8hv                                                 : loaded 2 times (x 178B)
Class com.google.common.cache.LocalCache$StrongEntry                                  : loaded 2 times (x 105B)
Class com.google.common.util.concurrent.AbstractFuture$TrustedFuture                  : loaded 2 times (x 111B)
Class com.google.common.cache.LoadingCache                                            : loaded 2 times (x 67B)
Class org.objectweb.asm.MethodWriter                                                  : loaded 2 times (x 103B)
Class [Lcom.google.common.cache.Weigher;                                              : loaded 2 times (x 66B)
Class com.google.common.collect.RegularImmutableMap$BucketOverflowException           : loaded 2 times (x 79B)
Class jdk.internal.jrtfs.JrtFileSystem                                                : loaded 2 times (x 99B)
Class jdk.internal.jimage.decompressor.CompressedResourceHeader                       : loaded 2 times (x 68B)
Class com.google.common.collect.RegularImmutableBiMap                                 : loaded 2 times (x 145B)
Class com.google.common.cache.LocalCache$ValueReference                               : loaded 2 times (x 67B)
Class com.google.common.base.CharMatcher$Negated                                      : loaded 2 times (x 110B)
Class com.google.common.base.CharMatcher$Is                                           : loaded 2 times (x 108B)
Class NativePluginLoader$getPlugins                                                   : loaded 2 times (x 149B)
Class com.google.common.base.PatternCompiler                                          : loaded 2 times (x 67B)
Class com.google.common.util.concurrent.AbstractFuture$Failure                        : loaded 2 times (x 69B)
Class com.google.common.base.Equivalence$Equals                                       : loaded 2 times (x 79B)
Class com.google.common.collect.Hashing                                               : loaded 2 times (x 68B)
Class com.google.common.base.Preconditions                                            : loaded 2 times (x 68B)
Class com.google.common.base.Joiner$1                                                 : loaded 2 times (x 77B)
Class org.objectweb.asm.Label                                                         : loaded 2 times (x 70B)
Class org.objectweb.asm.CurrentFrame                                                  : loaded 2 times (x 70B)
Class org.objectweb.asm.ClassTooLargeException                                        : loaded 2 times (x 80B)
Class com.google.gson.stream.JsonReader                                               : loaded 2 times (x 94B)
Class com.google.common.collect.PeekingIterator                                       : loaded 2 times (x 67B)
Class com.google.common.base.CharMatcher                                              : loaded 2 times (x 108B)
Class com.google.common.collect.RangeGwtSerializationDependencies                     : loaded 2 times (x 68B)
Class com.google.common.base.Joiner$2                                                 : loaded 2 times (x 76B)
Class org.objectweb.asm.Frame                                                         : loaded 2 times (x 70B)
Class org.objectweb.asm.MethodVisitor                                                 : loaded 2 times (x 102B)
Class com.google.common.cache.LocalCache$EntryFactory$1                               : loaded 2 times (x 80B)
Class [Lcom.google.common.cache.RemovalListener;                                      : loaded 2 times (x 66B)
Class com.google.common.base.CharMatcher$1                                            : loaded 2 times (x 110B)
Class com.google.common.base.CharMatcher$NamedFastMatcher                             : loaded 2 times (x 109B)
Class com.google.common.collect.RangeSet                                              : loaded 2 times (x 67B)
Class com.google.common.cache.LocalCache$EntryFactory$2                               : loaded 2 times (x 80B)
Class org.gradle.api.internal.classpath.GlobalCacheRootsProvider                      : loaded 2 times (x 67B)
Class com.google.common.collect.CollectCollectors                                     : loaded 2 times (x 68B)
Class org.objectweb.asm.ModuleWriter                                                  : loaded 2 times (x 79B)
Class com.google.common.cache.LocalCache$EntryFactory$3                               : loaded 2 times (x 80B)
Class com.google.common.base.Ticker$1                                                 : loaded 2 times (x 69B)
Class com.google.common.collect.ImmutableMapEntrySet$RegularEntrySet                  : loaded 2 times (x 148B)
Class com.google.common.collect.Maps$BiMapConverter                                   : loaded 2 times (x 87B)
Class com.google.common.collect.SetMultimap                                           : loaded 2 times (x 67B)
Class com.google.common.cache.LocalCache$EntryFactory$4                               : loaded 2 times (x 80B)
Class com.google.common.collect.ImmutableSet$Builder                                  : loaded 2 times (x 82B)
Class com.google.common.base.CharMatcher$InRange                                      : loaded 2 times (x 108B)
Class com.google.common.cache.LocalCache$EntryFactory$5                               : loaded 2 times (x 80B)
Class com.google.common.base.PairwiseEquivalence                                      : loaded 2 times (x 80B)
Class com.google.common.cache.LocalCache$EntryFactory$6                               : loaded 2 times (x 80B)
Class org.gradle.internal.installation.CurrentGradleInstallationLocator               : loaded 2 times (x 68B)
Class com.google.common.collect.Maps$KeySet                                           : loaded 2 times (x 134B)
Class com.google.common.cache.LocalCache$EntryFactory$7                               : loaded 2 times (x 80B)
Class com.google.common.collect.ImmutableSet$EmptySetBuilderImpl                      : loaded 2 times (x 73B)
Class com.google.common.collect.ImmutableList                                         : loaded 2 times (x 203B)
Class org.gradle.internal.service.DefaultServiceLocator                               : loaded 2 times (x 80B)
Class org.jetbrains.kotlin.util.capitalizeDecapitalize.CapitalizeDecapitalizeKt       : loaded 2 times (x 68B)
Class com.google.common.cache.LocalCache$EntryFactory$8                               : loaded 2 times (x 80B)
Class com.google.common.collect.ImmutableSet$SetBuilderImpl                           : loaded 2 times (x 73B)
Class jdk.internal.jrtfs.JrtDirectoryStream                                           : loaded 2 times (x 86B)
Class org.gradle.internal.installation.CurrentGradleInstallation                      : loaded 2 times (x 70B)
Class com.google.common.cache.CacheLoader$1                                           : loaded 2 times (x 72B)
Class com.google.common.collect.ImmutableList$SubList                                 : loaded 2 times (x 205B)
Class org.gradle.util.internal.GUtil                                                  : loaded 2 times (x 68B)
Class com.google.common.util.concurrent.AbstractFuture$SetFuture                      : loaded 2 times (x 72B)
Class com.google.common.cache.AbstractCache$StatsCounter                              : loaded 2 times (x 67B)
Class com.google.common.collect.Iterators$MergingIterator                             : loaded 2 times (x 78B)
Class com.google.common.collect.RegularImmutableSet                                   : loaded 2 times (x 145B)
Class org.gradle.internal.installation.GradleInstallation                             : loaded 2 times (x 72B)
Class com.google.common.collect.Iterables                                             : loaded 2 times (x 68B)
Class com.google.common.base.Splitter$Strategy                                        : loaded 2 times (x 67B)
Class jdk.internal.jimage.decompressor.ResourceDecompressor$StringsProvider           : loaded 2 times (x 67B)

---------------  S Y S T E M  ---------------

OS:
 Windows 11 , 64 bit Build 26100 (10.0.26100.7705)
OS uptime: 0 days 23:45 hours
Hyper-V role detected

CPU: total 12 (initial active 12) (12 cores per cpu, 2 threads per core) family 25 model 33 stepping 2 microcode 0xa20120e, cx8, cmov, fxsr, ht, mmx, 3dnowpref, sse, sse2, sse3, ssse3, sse4a, sse4.1, sse4.2, popcnt, lzcnt, tsc, tscinvbit, avx, avx2, aes, erms, clmul, bmi1, bmi2, adx, sha, fma, vzeroupper, clflush, clflushopt, hv, rdtscp, rdpid, fsrm, f16c, cet_ss
Processor Information for all 12 processors :
  Max Mhz: 3501, Current Mhz: 3501, Mhz Limit: 3501

Memory: 4k page, system-wide physical 8114M (935M free)
TotalPageFile size 32690M (AvailPageFile size 1433M)
current process WorkingSet (physical memory assigned to process): 878M, peak: 1767M
current process commit charge ("private bytes"): 2729M, peak: 5175M

vm_info: OpenJDK 64-Bit Server VM (21.0.3+-12282718-b509.11) for windows-amd64 JRE (21.0.3+-12282718-b509.11), built on 2024-08-27T17:34:15Z by "builder" with MS VC++ 16.10 / 16.11 (VS2019)

END.
